 ,,,,,,,,,,,
Date,Message,Liz,Kaew,Maddie,Anouk,Holly,Lucinda,Leah,Stefania,Mika,Comments
15.08.26,The new butter dishes from Robet Gordon come with the box. They are inside the cabinet under the stock.,🌊,,,,,🦒,/ᐠ｡ꞈ｡ᐟ\,,\(*-*)/,
09.08.26,"Memorandum from QVB: There will be an Emergency Evacuation Excercise being conducted for all retailers from 9am to 10am on Friday the 21st of August. Announcements willl be made that it is a practice test, listen out for instructions and follow the guidance of Centre Management and Security. This is a compulsory exercise! Sorry to whoever's working that Friday....",🌊,KP,,,,🦒,/ᐠ｡ꞈ｡ᐟ\,,\(*-*)/,
08.08.26,"Hey Team! 
Please have a look under the new Duck mug, inside the cupboard (third one from the left side from the entry) to memorize where new and old items have been allocated:
_ Retro Folk Stoneware Hand Painted Mug
_ Glasses Tumbler Large Set 
_ Tea Cup & Saucer 
_ Duck+Bunny Spoons
_ Duck mug
_ Little bird glass 
_ Glass Tumbler - Lemon Heaven Collection

New glasses ( Lemon Slice Glass Tumber & Waxflower Glass Tumbler)
DON'T HAVE BOXES!",🌊,KP,,,,🦒,/ᐠ｡ꞈ｡ᐟ\,✨,\(*-*)/,
29.07.26,"Hello! Please make sure to price all sale items! I noticed a lot were missing their price tags today and it looked very confusing as to what was on sale or not. 
When pricing please include both the original price tag plus the sale sticker so that it's clear to customers how much of a discount they're getting. Also please stick to only 1 type of sale sticker, there were a few items that had both a 30% off sticker and then a special sitcker with the sale amount. This confuses customers and can make it seem like there's a further discount on top of the sale amount. Thanks guys!!",🌊,KP,,,👽,🦒,/ᐠ｡ꞈ｡ᐟ\,✨,\(*-*)/,
23.07.26,"New Pos Solvantis CODES : 
_ Username : QVBMonster
_ Location : SNDNWDWjedfdeefe-4345J
_ Pin : 4444",🌊,KP,,,👽,🦒,/ᐠ｡ꞈ｡ᐟ\,✨,\(*-*)/,
16.07.26,"The ""Brut Cake Smiling Mug Coaster"" in the sale section, they don't have a barcode, when you scan them, just type ""Misc Product"", write the name of the item, and charge $5 please. Thank you",🌊,KP,,,👽,🦒,/ᐠ｡ꞈ｡ᐟ\,✨,\(*-*)/,
16/07/26,"Please check the clothing before you put out. Some were to many and duplicate in the different area, some were not out. A lot of jumpers and some t-shirts were missing the safety tag. Sale kids tees were on the normal rack with full price. Remember please sale stickers are applied even when you put clothes in the cupboards. Thanks",🌊,KP,,,👽,🦒,/ᐠ｡ꞈ｡ᐟ\,✨,\(*-*)/,
15.07.26,"hi guys! is anyone else having issues with the Solvantis search bar? I keep on trying to search up items, only for the screen to freeze and a browser note pop up telling me to either wait or exit the page. It doesn't happen everytime, but is still annoying when looking up stock.",🌊,KP,,,👽,🦒,/ᐠ｡ꞈ｡ᐟ\,✨,\(*-*)/,I think its becasue the computer or the internet here. T-T
14.07.26,hey guys! please hang the large cermaic bells on the peg sticks and not stick on hooks as they're only being held by small tape. it was very close to peeling off and almost fell.,🌊,KP,,,👽,🦒,,✨,\(*-*)/,
,,,KP,,,,🦒,,,\(*-*)/,
06.07.26,keys for cash register is left in the 'store info' drawer under the counter,🌊,KP,,,👽,🦒,/ᐠ｡ꞈ｡ᐟ\,✨,mj,
01.07.26,SOLVANTIS new pos pin: 4444 😎,🌊,KP,,,👽,🦒,/ᐠ｡ꞈ｡ᐟ\,✨,mj,
05.06.26,"Hello, the EFTPOS machine PIN has been changed to '2000'",🌊,KP,,,👽,lm,/ᐠ｡ꞈ｡ᐟ\,✨,mj,
07.05.26,"Be careful with the vacuum as the cable is making sparkes, there is a tiny cut. I have put ""insulator tape"" in the Store Need sheet, it may can be fixed with it.",🌊,KP,,,👽,lm,/ᐠ｡ꞈ｡ᐟ\,✨,mj,
7.05.26,Please read the email about cat/dog robert gordon issue date 7/05/26- if someone come in with this issue please apologise and give them a refund. And let me know please. Kaew,🌊,KP,,,👽,lm,/ᐠ｡ꞈ｡ᐟ\,✨,mj,
7.05.26,Sale Owl keychain - Barcode is on the receipt printer.,🌊,KP,,,👽,lm,/ᐠ｡ꞈ｡ᐟ\,✨,mj,
22.04.26,hey guys! does anyone know how long the tea towel for jasmine has been in the cupboard? i'm unable to ring bc of the phone but i dont see anything in customer req :),🌊,KP,,,👽,lm,/ᐠ｡ꞈ｡ᐟ\,✨,mj,
26.03.26,"I have relocated few items so, please, take time to open all the cabinet and have a look. Also if you find a better spot, feel free to relocate them again.",🌊,KP,,,👽,,/ᐠ｡ꞈ｡ᐟ\,✨,,
20.03.26,"If someone will have time during her shift, it would be great to re print the correct label to put into the cabinets for facilitate find the items. Thank you!",🌊,KP,,,👽,lm,/ᐠ｡ꞈ｡ᐟ\,✨,,
14.3.26,The monitor (computer sceen) was spazing when I opened this morning - Edit: It has lines all over the screen today 24.03.26,🌊,KP,,,👽,lm,/ᐠ｡ꞈ｡ᐟ\,✨,,
13.03.26,"hey guys! i don't think we should leave bubble wrap around things that are on display, some of the trinkets were wrapped, it tends to look messy and customers can't see the design:)",🌊,KP,,,👽,lm,/ᐠ｡ꞈ｡ᐟ\,✨,,
,,,,,,,,,,,
01.03.26,"The steam mop has finally arrived at our store! 🎉 Please take good care of it. Remember to wash the mop pad after each use.

To use it:

1. Wait for the light to stop blinking and become steady (this means it's ready to use).

2. Press the power button, then press the lower steam button.

3. Press the handle to release steam.

For more detailed information, refer to the manual, which I’ve placed under the computer screen on the counter.

Thank you! 😊",🌊,KP,,,👽,lm,/ᐠ｡ꞈ｡ᐟ\,✨,,
25.02.25,"hey guys! try not to leave empty display stands around, either display something new or remove :) also a small thing, keep a look out for the same brand/product that can be next to each other when applicable. e.g. animal erasble pens on the peg board, there are a few variations but they're in different areas with random products seperating them, easier for customers and looks better when they're together :)     ",🌊,,,,👽,lm,,✨,,
,,,,,,,,/ᐠ｡ꞈ｡ᐟ\,,,
,,,KP,,,,,/ᐠ｡ꞈ｡ᐟ\    ,,,
,,,,,,,,,,,
23.02.25,If customers buy 2 FACE MUGS they GET 1 FREE COASTER!,🌊,KP,,,👽,lm,,✨,,
20.02.26,"Hi everyone! Please double-check items before placing them inside the cabinet on stock delivery day. Make sure to verify whether the item is already on display. After making a sale, remember to replace the items, especially mugs. It’s important to ensure that everything is visible for customers and that nothing is hidden inside the cabinet. Thanks!",🌊,KP,,,👽,lm,,✨,,
5.02.26,I tried to use the speaker but just one as I thought soemthing might be intere between the two and it works just fine. I used the one on top of the clothes. I do not know what happened.,🌊,KP,,,👽,lm,/ᐠ｡ꞈ｡ᐟ\    ,✨,mj,
29.01.24,"There is a bag in the closed "" FOR WAREHOUSE"" where I put 
1) old decoration not used for ages
2) broken items to let Kaew decide if to keep it, fix it or throw away
If you think are usefull items to keep in the shop, feel free to put it back. 
",🌊,KP,,,👽,lm,/ᐠ｡ꞈ｡ᐟ\,✨,mj,
29.01.25,"Spotify still not working properly, I have tried to forget bloothooth devices, re connected them, try everything pretty much. 
Perhaps tomorrow 30.01.26 Mark will jump in the shop to have a double check on it. 
Also ask him to check on the phone, it is not working again and I am sure it is just a issue with cables.
",🌊,KP,,,👽,lm,/ᐠ｡ꞈ｡ᐟ\,✨,mj,
29.01.26,"In the attempt to looking for the "" lost EftPOS"" , I have cleaned and re organized the drawers. Please take a couple of minutes to open them all and check what it is inside. Feel free to re design the space in more functional way as you wish.
",🌊,KP,,,👽,lm,/ᐠ｡ꞈ｡ᐟ\,✨,mj,
27.01.26,hellooo guys! I found an empty hanger on the tee rack halfway through my shift when I hadnt sold any tees. I  think the tee may have been stolen as noticed the ones next to it had no security tags. I think we should try to tag at least all the full price tees so it doesnt happen again - its hard to watch when it gets busy :),🌊,KP,,,👽,lm,/ᐠ｡ꞈ｡ᐟ\,✨,mj,
22.01.26,"Hi Guys! I've been having major issues with the two WONDERBOOMS going through frequent periods of cutting in and out of sound choppily, to the point where you can barely hear the song. Is anyone else struggling with this issue, and if so how have you fixed it? I've tried resetting the bluetooth, resetting the connection between speakers, turning them off and on again, letting them sit without playing, but the issue still won't go away. Any ideas on how to fix this please? Thank you!! P.S.: It seems to be an issue with the computer, as both speakers work exceptionally when connected to a phone.  --Mika-",🌊,KP,,,👽,lm,/ᐠ｡ꞈ｡ᐟ\,✨,mj,"Same here, I have to connected with my personal phone for the rest of the day --Stefania--"
15.12.25,"Hey guys, i noticed a lot of the cards were placed in random areas in the store. try keep same cards together and check the paper on the counter if ur unsure which cards go on the wooden spinner:)",🌊,KP,,ᓚᘏᗢ,👽,lm,/ᐠ｡ꞈ｡ᐟ\,✨,mj,
11.12.25,"Hi guys! We just got a memorandum from QVB about track maintanence on Town Hall station, which will be closed down entirely from 13-15 of December. Hopefully everyone has alternate transport options! ",🌊,KP,,ᓚᘏᗢ,👽,lm,/ᐠ｡ꞈ｡ᐟ\,✨,mj,"Noted, Thanks for the info!"
08.12.25,thank you for the biscuits regina!!,🌊,KP,,ᓚᘏᗢ,👽,😋,😋,✨,mj,You're welcome!! Glad you guys enjoyed it ^^ Thanks queen!
04.12.24,"If you have time during your shift, go through the stock and replace what is missing on the shelves. Thank you for your hard work and collaboration. ✨",🌊,KP,,ᓚᘏᗢ,👽,lm,/ᐠ｡ꞈ｡ᐟ\,✨,mj,
04.12.25,"Please, when you realize items are not prized, take some time to make the tag and prize them. ",🌊,KP,,ᓚᘏᗢ,👽,lm,/ᐠ｡ꞈ｡ᐟ\,✨,mj,
4/12/25,Guys please just remember that it is only those specific women's shirts that have the $15 dollar sale - a customer came in today because she had bought a mens shirt because someone told her all t-shirts were $15.,🌊,KP,,ᓚᘏᗢ,👽,lm,/ᐠ｡ꞈ｡ᐟ\,✨,mj,
27/11/25,Please make sure you put the price on the products - I came in on Thursday 27/11/25 and found that a lot of items had no price. So many customers picked up the items and asked how much?  - Kaew,🌊,KP,,ᓚᘏᗢ,👽,lm,/ᐠ｡ꞈ｡ᐟ\,✨,mj,
13/11/25,Christmas Tree - Please turn the light on and off each day. The one near the counter the switch is inside the counter. (on the far right) The one near pegboard you have to take the plug out from behind Eat my socks.,🌊,KP,,,hg,lm,/ᐠ｡ꞈ｡ᐟ\,✨,mj,"Hi, no need to plug in or unplug the one near the pegboard. it automatically turns on and off with the store lights, Thanks!"
6/11/25,The Good Twin brand xmas cards can go on the spinner as this brand is from the same supplier. Need to make a bit more space.,🌊,KP,,,hg,lm,/ᐠ｡ꞈ｡ᐟ\,✨,mj,
03.11.25,"Hey guys, i was able to receive a call so it seems like the phone is working okay. Probably best that we still ask for customers emails regarding requests for the time being just in case :) ",🌊,KP,,,hg,lm,/ᐠ｡ꞈ｡ᐟ\,✨,mj,i tried to call myself and it also went through unlike last week :)
31.10.25,"Hello, as you may have noticed, our telephone line is currently not connected and causing difficulties to contact customer by phone. Please ask for customer email to send requested item arrival notification at the time being until our phone is fixed. or alternatively, we can ask customer to come and visit us again on next delivery day after lunch time (stocks usually arrives after 1 pm) which is either Monday or Friday. Thank you.",🌊,KP,,,hg,lm,/ᐠ｡ꞈ｡ᐟ\,✨,,
26.10.25,"Hi everyone, Lots of new stock coming in lately! I've been tidying up our storage area, but space keeps changing as old and new stocks moves in and out. Please take a moment at the start of your shift to check the storages and get familiar with where everything is. It'll make things easier for you. Thank you!",🌊,KP,,,hg,lm,/ᐠ｡ꞈ｡ᐟ\,✨,,
16.10.25,"Hey guys! I've rearranged the happy socks display so it's more organised and easier to keep tidy. I noticed the socks were grouped by design rather than size. I switched it back so they are grouped by size, as there are only so many of the same designs and it ends up looking a bit messy. As mentioned previously, please make sure to check when tidying at EOD that they are all in order. Thanks! ",🌊,KP,,,hg,lm,/ᐠ｡ꞈ｡ᐟ\,✨,,
12.10.25,"Hi again, fellas! We've got new light-up porcelain white houses with chimneys. I've opened one for display and marked it with a red sticker on the back. Please remember to turn the light on every morning and switch it off at the end of your shift. Thanks a lot!",🌊,KP,,,hg,lm,/ᐠ｡ꞈ｡ᐟ\,✨,,
11.10.25,"Hi team,",,KP,,,,,/ᐠ｡ꞈ｡ᐟ\,✨,,
,"As you might have noticed, the sale rack has been taken back and replaced by the shopping bag stand. This means we now have less space for T-shirts, so I've arranged the clothing sections a little bit;",🌊,KP,,,hg,lm,/ᐠ｡ꞈ｡ᐟ\,,,
,"- Men's and Women's T-shirts are now combined on the long clothing rack (previously men's tees), with women's jumpers placed in between to separate the sections.",,KP,,,,,/ᐠ｡ꞈ｡ᐟ\,,,
,"- The shorter rack (previously for women's tees) is now used as the adult sale rack for raincoats, dresses, tees, etc.",,KP,,,,,/ᐠ｡ꞈ｡ᐟ\,,,
,- Kid's sale items are displayed right next to it.,,KP,,,,,/ᐠ｡ꞈ｡ᐟ\,✨,,
,"- In the Kid's section, I've swapped the raincoats to the lower rack and placed all the dresses, vests, and jumpers by other brands on the top.",,KP,,,,,/ᐠ｡ꞈ｡ᐟ\,,,
,- I've also hung the bird and frog hanging bells next to the kid's jumpers - Please be extra careful when working around them.,,KP,,,,,/ᐠ｡ꞈ｡ᐟ\,,,
,"Since our space is smaller than other locations, please display only 2 sizes per T-shirt design to keep the display tidy and avoid it looking overcrowded.",,KP,,,,,/ᐠ｡ꞈ｡ᐟ\,,,
,Thanks for your help in keeping everything neat and organised!,,KP,,,,,/ᐠ｡ꞈ｡ᐟ\,,,
05.10.25,"Hi girls, I've put all the tea light house boxes in the adult puffer jacket cabinet. You can also find a few under the mushroom boxes. Please throw away the empty boxes if you sell one without it's box. Thanks!",🌊,KP,,jc,hg,lm,/ᐠ｡ꞈ｡ᐟ\,✨,,
25/09/25,MTt Glasses cases barcodes are inside the item.  ,🌊,KP,,jc,hg,lm,/ᐠ｡ꞈ｡ᐟ\,✨,,
24.08.25,"Hi girls, I've been reorganizing some things in the store and have moved a few items around. The small shopping bags have been relocated from the kids raincoat section to the bottom drawer next to the kids hangers. It would be a good idea for all of us to go through the drawers and cabinets to check what's inside and see if anything needs a clean or tidy up. Also, please note: we should not use the acrylic stand for books, as it can leave marks, dents, or scratches. Kaew has already received a customer complaint about this. Thanks!🫶",🌊,KP,,jc,hg,lm,/ᐠ｡ꞈ｡ᐟ\,✨,,
18.08.25,Hey guys! If you're putting in bags for store needs double check the cabinet if we already have enough :),🌊,KP,,jc,hg,lm,/ᐠ｡ꞈ｡ᐟ\,✨,,
14.08.25,"Also just a reminder to please place best selling products it prime positions (mid level shelves) that are easily visable. For example the Lala Land Sydney tray was located on a bottom shelf on a tall stand, meaning it was hidden from view unless you crouch down. Also the Capybara mug was on the top shelf, again, a popular product but easily missed being up there.",🌊,KP,,jc,hg,lm,💖,✨,,
14.08.25,Hi everyone! Please make sure to check the happy socks display often and make sure they are all arranged by size so it's easy for customers to find the right ones. They were a bit of a jumbled mess today. Thanks :),🌊,KP,,jc,hg,,💖,✨,,
04.07.25,"FYI, Kaew and Mark are going overseas next wednesday 9/7/25 for 3 weeks. If you need to call them, please use Whatsapp as you might get charged for international calls. for text messages you could still use hangout or email as usual. Thanks!",🌊,KP,,jc,hg,lm,💖,✨,,
04.07.25,"Hi everyone, another reminder not to put reduced price with white price gun sticker, please make sure to put red sale sticker on reduced price and only put original price on white price gun sticker as it might mislead customers. If you have read this message please put👍Thanks! ",🌊,KP,,jc,hg,👍,💖,✨,,
03/07/25,Please dont use sticky tape on the door as it leaves marks everywhere. I have put a suction hook for you with the clock sign.,🌊,KP,,jc,hg,lm,💖,✨,,
22/06/25,"Hi Everyone! Just a quick reminder to please keep the store clean and organized throughout the day - and especially before closing. Let's also try to keep the stock neat and arranged depending on how much we have. If there's extra space and not many items, feel free to spread things out or fill the gaps nicely. And when there's a lot of stock but limited space, let's not just squeeze everything in - try to find the best spots for it. Thanks so much, appreciate everyone's efforts! 🙏",🌊,KP,,jc,hg,lm,💖,✨,,
19/6/25,New Koala keyrings - barcode is on the docket printer.,🌊,KP,,jc,hg,lm,💖,✨,,
15.06.25,"Hi girls, I'm running out of ideas on what kind of theme should we change the front display into. If you have an idea please help to change it . Thanks!",🌊,KP,,jc,hg,lm,💖,✨,,i tried to do something with fruits..? i don't know if it goes😔feel free to change 
11/06/25,"Hey guys! I think I may have left my concession opal card in the cupboard last week but not too sure. I couldnt see it today, but if it pops up in the next week please let me know - Lucinda",🌊,KP,,jc,hg,lm,💖,✨,,
04/06,"Hi, we had a customer purchase one each of the kangaroo and capybara touch lamps. She had issues with the battery life being very short (<2hrs), so we have swapped the kangaroo lamp for a new one to see if it is an issue with the batch of lamps, or tho
se specific ones. If the new one is better, she will come back to swap the capybara as well. If not, we will discuss with the manufacturer. Just letting you all know incase she comes in when youre on shift. Her details were: Sri Sustante 0423921808 bewitchedprincess@gmail.com 

14.06.25 She called again today about the kangaroo touch lamp. the one she got as replacement had the same issue. She will come on Monday to return the lamp. When she comes back please offer her exchange with other products/ credit notes. Thank you. 

18.06.25 Both lamps have been returned and exchanged for another product. The returned lamps are in the storage cupboard as not sure what we will do with them (the capybara has no packaging). 

Update: We know that lamps only last 2 hours when charged. She has been let know.",🌊,KP,,jc,hg,lm,💖,✨,,
16/05/25,"Hey team! 😊
I hope everyone's having a great day! I just wanted to share a few quick tips to keep the store looking sharp and tidy as we head into the week. This way, we can make sure all our displays stay neat, and it’ll be easier to spot when things get moved around by customers.

Here are some quick display tips:

- Face all items in the same direction – This will help create a clean, organized look and will make it much easier for us to spot if something's been moved around. (best to keep them facing forward unless there's not enough space)

- Stuff bags and accessories – For items like bags, lunch bags, or toiletry bags, make sure they're stuffed or arranged in a way that shows off their design. It’ll keep them looking neat and make it clear to customers what they’re looking at.

- Use height and layering – Adding height to displays or layering items can help make them more eye-catching and organized.

- Group similar items together – Group products by type, color, or theme to create a sense of order and to make it easier for customers to shop.

- Tidy up as you go – If you spot something out of place, take a moment to straighten it up. It keeps the store looking fresh throughout the week.

Thanks for everyone’s hard work! Let’s keep working together to make sure the store looks great and stays inviting for our customers. 💪",🌊,KP,,jc,hg,lm,💖,✨,,"- Additionally, I'm preparing a Display Guide. You can find it on one of these sheets in Daily File. Feel free to have a look and help me list any items I haven't written yet. Hopefully this guide will help us do better😃"
15/05/2025,"The Lori bags looked really messy in the front. I belive you all can see that. I removed them and put them somewhere else. Put 1 or 2 there is ok but not all of them, plus they all curved as you did not stuff them. They did not look nice at all. NOTE** at least use the same hook on the chain as I saw 3 different ones which made them looked even worse. I have noticed this and always change the hook for you guys. Please pay more attention to the details.",🌊,KP,,jc,hg,lm,💖,✨,,
07/05/25,"Hey! Today a size M, woman, white t-shirt (Fast Food Radicals- Mosterthread), discouted, was not in the system. So I just create a product of $20.00 in order to sell it. For who is in charge on it, please have a look. Thank you!! ",🌊,KP,,jc,hg,lm,💖,✨,,
01/05/25,"Hello, we do have stock of Music Box Parent-child ballet. This is new but I noticed someone put ""sold out"" sign on it. A customer walked past and wanted to purchase one but left as thought we sold out. I did not know which design the customer was talking about until I went to have a look. We also have 1 in store. Before you put sold out sign please check if we have stock in the warehouse. Another design that have ""sold out"" sign is the cat cup cake, this is also new. I just found that stock was not sent to the store due to reorder issue, I fixed it now. However you all should check WH qty. ",🌊,KP,,jc,hg,lm,💖,✨,,
,,,KP,,,,,💖,,,
04.04.25,"Hi, just a small reminder not to turn off wifi switch and always plug in EFTPOS charger when closing the store. Thank you :)",🌊,KP,,jc,hg,lm,💖,✨,,
03.04.25,New felt ornament for Easter. The bags for the display ones are in the middle drawer at the top. ,🌊,KP,,jc,hg,lm,,✨,,
03.04.25,Click & Collect order 39707. Paid. Please let Kaew know after the customer picks up.,🌊,KP,,jc,hg,lm,💖,✨,,
22.03.25,"Monster Club membership loyalty points can now be accessed in Shopify under Customer profile. Please check Shop Manual for more info. Thanks!

https://mail.google.com/mail/u/0/#inbox/FMfcgzQZTgZKWldNKhfvvnwKXlXSBRXs",🌊,KP,,jc,hg,lm,💖,✨,,
14.03.25,"Hi everyone, just a little reminder not to put reduced price with price gun sticker, please make sure to put red sale sticker on reduced price and only put original price on price gun sticker as it might mislead customers ",🌊,KP,,jc,hg,lm,💖,✨,,
06.03.25,"Hi, I know its hard to remember all the designs. However I want to you to make sure that all Halcon Nights are on display please. Today there are 4 designs that not on display at all. I notice this everytime I am in store.",🌊,KP,,jc,hg,lm,💖,✨,,
02.03.25,"Hi, does anyone know where i can find the box for 	
Doiy: Farmers Market Sugar Bowl Orange ? I looked everywhere but couldn't find it 😓😢",🌊,KP,,jc,hg,lm,💖,,,
28.02.25,"Hi everyone, we've just got new stocks of Tinytree houses and USB lights. Please note that we are selling them seperately. Thank you.",🌊,KP,,jc,hg,lm,💖,,,
,Salima Panahi salima.paanahi@gmail.com 0430 012 796 - 59,🌊,,,jc,hg,lm,💖,,,done
17.02.25,"Helloo, I tend to find quite a bit of rubbish like wrappers and even food on the floor when opening😔 please have the floor clean at the end of the day:) thank you!!",🌊,KP,,jc,hg,lm,💖,,,
15.02.25,"I've also just tidied up the gift wrapping paper and bags, try to keep the working bench neat and no need to keep any wrapping paper you think is too small. Thank you!",🌊,KP,,jc,hg,lm,💖,,,
15.02.25,"Hey guys! I've just tidied up the boxes for the mugs, please try to keep them tidy like how they are. If you sell one of the mugs check the barcode before getting the box as they're all organised by the barcodes. Thank you!!",🌊,KP,,jc,hg,lm,💖,,,
14.02.25,"Hey guys, please always double check the stock if we really need to order or if its hiding somewhere in another cabinet. I received lots of shopping bags today which we already have a lot and doesn't have anymore room for the extras. please please always double check what needed to be ordered especially the day before deliveries. Thank you!! 🙏🙏",🌊,KP,,jc,hg,lm,💖,,,
06/02/25,"Thanks everyone for keeping the store looks nice, clean and tidy!!!! - Kaew.",🌊,KP,,jc,hg,,💖,,,
30/1/25,"Please avoiding stacking the brown carton boxes on the top shlef like the photo on the right hand side, it does not look very presentable. At the back of the mug is fine as you do not see it that much. Kaew.",🌊,KP,,jc,hg,,💖,,,
30/1/25,"Please make sure you put security tag on all the plushies, purses and abgas that over $20. There are so mnay that has no tags on them.",🌊,KP,,jc,hg,,💖,,,
23/01/25,"A customer will come in tomorrow to collect, Palm Grasp Set Panda her names Anne Walsh (0409 030 897) Already paid. :)",🌊,KP,,jc,hg,,💖,,,"Done✅, Please put customer requests with all details on cust req tab next time, thanks :)"
21.01.25,New Zeller machine is coming. Once it arrived please send the old one back to the warehouse.,🌊,KP,,jc,hg,,💖,,,"Easy, done!"
16.01.25,The pinned tab is the music box instruction manual :) ,🌊,KP,,jc,hg,,💖,,,
14.01.25,"The bottom shelf for the big plushies was superrr dusty in the space right under the music box stand and was getting some of the plushies really dirty, maybe we should dust there more often!? Also does anyone know how to turn off the speaker on the phone? :)😅",🌊,KP,,jc,hg,,💖,,,"I've always dusted that area during my shift and it gets dusty really quickly. It might be better to do it daily instead of weekly. Also, whenever we have some spare time, could we please lint roll the plushies? Thanks!!"
06.01.25,"Helloo, we had a few technical issues with the wifi and trying to fix the phone today, the phone should be fixed by tomorrow. I've left iinet's reference number next to the phone just in case of more issues :)",🌊,KP,mm,jc,hg,,💖,,,
02.01.25,"Hi everyone, I've moved the business cards away from the front and put them under the computer screen, as they are a business card for Kaew, not the store. Seemed a bit weird to have those ones available for general customers. Please keep these for people who are interested in consignment.",🌊,KP,mm,jc,hg,,💖,,,
31.12.24,Bye everyone!! Thanks for being awesome people to work with and I wish you all the best for the future!! - Moss 🐉💖,🌊,KP,mm,jc,💖🥹,,💖,,,
29.12.24,"Hi, Chrismas decorations/ all xmas related items EXCEPT Music Boxes are now 40% off. some of those items have to be manually marked down on Cin7. Thanks :) ",🌊,KP,mm,jc,hg,,💖,,,
19.12.24,"The plastic covers on the music box display are sadly pretty loose and easy to push, which pushes the music boxes off the magnetic pads if pushed far enough. Please keep an eye on it and correct them when needed. ",🌊,KP,mm,jc,hg,,🥹,,,
18.12.24,"🐼🥳🎉 MONSTERTHREADS NYE/XMAS PARTY!!!!! 🎆🎄🎅
Hey Team, we have organised a New Year's get together. 
Time: 7pm 
Date: Wed, 8th of January 2025
Location: Harbour View Hotel, 18 Lower Fort St, The Rocks NSW 2000 - 10min walk from Circular Quay station
Dress code: happy chissy/new year sparkles 
What to bring: your happy self ",🌊,KP,mm,jc,hg,,💖,,,Regina will be very late 8-8.30pm 🙏
12.12.24,Has anyone seen the Music Box Angel with the broken star? Was it sent back to WH? We have glue now so I was planning to fix it but I can't find it. ,🌊,KP,mm,jc,hg,,💖,,,
5.12.24,Just adding on to Liz's note - does the straw hat in the cupboard belong to anyone?? It was on the counter with no note at the start of this week. If no one claims it I'm taking it up to concerge lost property next week. ,🌊,KP,mm,jc,hg,,💖,,,"My bad!! I found it last week on the floor and put it on the counter in case cust comes back. I totally forgot about it😅😭 -R  all good thankyou for the trests :):):)

I have taken all lost items we have in store to concierge and the lady said we need to send it to them straightaway when we found it. :D "
25.11.24,"The 4 big red lollipops for Gazel are in the bag cupboard behind the counter (don't fit in the cupboard with the other customer requests) She'll be in on Thursday to purchase them. 

Also, please call customer requests when they come in, or leave a note for staff tomorrow to call if run out of time. And PLEASE leave a note if you put cust requests in a spot other than the regual cupboard, I wouldn't have found the lollipops in there if I wasn't putting away bags from today's delivery and noticed them. 

Please don't forget to double check those customer requests at the end of the day in case you missed anything 🙏 ty",🌊,KP,mm,jc,hg,🦆,💖,,,
18.11.24,I've taken the hand painted baubles out of the bags for display. The bags are behind the Orbit Key display.,🌊,KP,mm,jc,hg,🦆,💖,,,
12.11.24,"Hello! Can we please make sure that we are noting down the date when items are put on hold for customers, so we know how long things have been sitting in the cupbaord for and whether to follow up or put back out, etc. It's very helpful to note down as much info as possible so that other staff are aware. 
Also please don't write on the bags so that we can reuse them. Use a piece of paper and stick it on. This also makes it easier to read. Thanks!!",🌊,KP,mm,jc,hg,🦆,💖,,,
11.11.24,"Hi everyone, I noticed the sound was turned off on the Zeller terminal. Please keep the volume turned up, this is extremely helpful/important to make sure that transactions are being approved!!",🌊,KP,mm,jc,hg,🦆,💖,,,
7/11/24,Please make sure you price all the items. Lots of products were not priced.,🌊,KP,mm,jc,hg,🦆,💖,,,
25.10.24,"Hi guys, please remember to write our store needs before stock delivery day (monday and friday). make sure to check the important things like receipt rolls, shopping bags, bubble wrap, duster head, and price gun sticker refill. Thanks 😊",🌊,KP,mm,jc,hg,🦆,💖,,,
15.10.24,"Hi guys, Mastercard is running a promotion that runs until Dec 31st. We have a little sign for them on the front of the counter which can be taken off Jan 1st!",🌊,KP,mm,jc,hg,🦆,💖,,,
14.10.24,Spare salt & pepper shakers and boxes are now in the same cupboard as spare small mushrooms ~ ,🌊,KP,mm,jc,hg,🦆,💖,,,
,"Hi, just confirming this: ""The price will be half the retail price at the time of the return."" for the umbrellas? I got a customers name and phone number so we can call and confirm just because I have never heard of this before but did find it online :)  Samy 0423418802",🌊,KP,mm,jc,hg,🦆,💖,,,"For umbrellas, we don't accept return if it has been used. if in doubt, we can ask NT staff, Kaew, or Lance :D

Has the customer being called? not yet.

Just adding to this we do have a lifetime policy with MT umbrellas - if they bring back a broken umbrella they can get a new one half price. "
1.10.24,"Hi guys, we are now using a Zella instead of CBA eftpos machine. Proceedures are very similar to before! The PIN is 2021 and the password is 'QueenMonster123!' please note you have to login before you print the EOD report. 

So far I think one of the major differences is the way it handles refunds - you can only refund exsisting transactions into the same card. You can't refund a custom amount onto any card like the old machine! From memory you can't refund if they use a gift card (eg. like the Westfield ones)",🌊,KP,mm,jc,hg,🦆,💖,,,
22.09.24,"Hi Everyone, Kaew is going overseas from the 24th September and will be back on 11th October. Feel free to contact me as normal except please use WhatsApp if you need to call so you do not get extra charge. ",🌊,KP,mm,jc,hg,🦆,,,,
29/8/24,Please display bird hangers on the pot as they do not look good laying on the shelf.,🌊,KP,mm,jc,hg,lm,,,,
28.06.24,"Hello, can someone please help me to add Hasina Mogul 0410 768 508 +30pts on loyalty dog? thanks",Liz,KP,mm,,hg,,,,,done :)
20.06.24,"After doing some troubleshooting with iinet the phone line is now working! However there is a possibility that it's just a temporary fix, so the iinet guy will be calling back next week to follow up and check if it's still working. Pauline, I told the guy to call on one of the days you're here. So he'll be in touch on either tuesday (25th) or thursday (27th). Fingers crossed it stays working!!",Liz,,MM,jc,hg,,,,,
9.5.24,"Hello, Just letting you know that the Singing Magpie jumpers come in both Mens and Womens. I think some of you migh not know as I always noticed someone move them with mens every time I come in.",Liz,,MM,,,,,,,
,,,,,,,,,,,
,,,,,,,,,,,
4.5.24,"Hi everyone, I contacted CBA Support today because the screen of the EFTPOS machine freeze sometimes. I was told that it was normal for the machine to freeze once in a while but shouldn't be too frequent. if you find same issue, you can try to hold the power button until it restarts. If it keeps happening in the future please contact them to see if we can get a new one. Thanks!!

CBA Support number: 1800 230 177
EFTPOS Terminal ID: 23159700
Merchant ID: 311000063159721 ",Liz,KP,MM,,,,,,,If it dies can we upgrade to a terminal that can connect to POS so we don't have the manually enter the card amount? 🥺🙏
14.04.24,"Hi everyone, please tag Miffy keychains as I have to adjust them out every week. it seems like people target them.",Liz,KP,MM,,,,,,,
22.3.24,"Hey guys, someone wanted to buy the Baby Bear Booties in 3-6 months but but the box wasn't in the cupboard so I used the Baby Rabbit Booties 6-12 month box. If anyone knows were the box is for the bear booties can you please make a note on it to use it for the rabbit ones? Thanks! ",Liz,KP,MM,,,,,,,"Found the box, it was behind the roly poly koala & already make a note."
14.3.24,"Hello, It is not necessary to put ""CLOSED"" sign at the door as everyone we close anyway. The hand writing sign does not look very nice. The sticky tape also leaves a mark on the door.",Liz,KP,MM,,,,,,,
13.3.24,"Hey all, can anyone help me to add $19.95 points to Florence, Flofoocan@hotmail.com, 0449097565. Couldn't find her in the point system. Thanks!",Liz,KP,MM,,,,,,,Please email Mark if this happens. Thanks Kaew. Points added.
7/3/24,"Hi All, Please make sure you remove the carton from the box before you put them on display. This does not look good. (see photo) It is right in the front of the store. - Kaew













",Liz,,MM,,,,,,,
7/3/24,"Hi all, Please throw away all the empty boxes. it does not look good leaving a lot of them in store. I came in on Thursday and the boxes were her from Monday.",Liz,,MM,,,,,,,
1.3.24,"Hi everyone! I was wondering if anyone would want to/ be able to take my Friday or Monday shifts moving forward? 

Ideally I would like only 2 shifts a week but have been given 3 ... I have a lot of work outside of Monsterthreads now so getting that extra day would be amazing! 🙏🥺 Unless we are we short staffed at the moment? 
- 🐉",Liz,,MM,,,,,,,"Hey everyone, i took Pauline's Monday shifts moving forward, thanks Pauline!! -gb
thank youuuuuu!!!! 💖-🐉"
29.02.24,"Hiii, hope everyone doing well!! I just want to inform you guys about this customer (Anita 0424 262 490) she was not a rude customer. However, please be aware in case she is trying to be cheeky with promotion. This customer actually called me more than 3 times in a week to make sure she get the 20% discount (raincoat weekend sale that's supposed to be limited time promotion but Kaew made an exception for her). when she's here she tried almost all of the raincoats and only got 1 even though she reserved 3 (also asked for 3 bags for 1 raincoat!! and wanted the one with our brand on it). she also reserved another 3 raincoats to be picked up on Sunday, please do not give her 20% off for this transaction. I think we should be cautious of her in case she's trying anything funny. ",Liz,KP,MM,,,,,,,If its the same Anita I think it is she's been pulling these kinds of stunts for YEARS!! - 🐉.OMG Yes this lady has been calling me every time i'm on shift and has been making excuses on not able to pick up the hold items -gb
28.02.24,"Hey guys, please be mindful in choosing which boxes to keep. Prioritize the square shaped boxes (the one that can fit most of the mugs or planters). Do not keep thin or flimsy boxes!! noticed we have so many boxes that cannot be used. Thanks",Liz,KP,MM,,,,,,,
16.2.24,"Hi team. Just make sure to let customers know that the new Lala land Tea Cup & Saucer are NOT microwave and dishwasher safe because of the gold plate finishing. Let customers know if purchasing, I have crossed through them with marker as their wasn't any dot stickers. Also the dear and lake scene enamel mugs, the barcodes don't work so just search enamel mug in cin7. The Pocket Fish Penknife barcode also doesn't work so just search product name in cin7 to get it :) Thanks ",Liz,KP,MM,,,,,,,
16.2.24,"Hi guys, just wondering if anyone knows how to clean the new paddy wax candles. This store gets extremely dusty and it shows up really bad on the white candles. I have been using the wet wipes they seem to do the trick. I just thourght in case anyone had a more effective strategy :)",Liz,,MM,,,,,,,"I tried to clean it with damp paper towels, and rub in one direction and not back and forth and then scoop the dust out. This one works but not sure if this is the best method. Use damp paper towel/wet tissue to clean the dust and then cut a circle shape of tissue paper, make a hole in the middle and put it on top of the candle."
01.02.24,"Hello, I noticed there are a lot of duplicate size kid tees on the rack, some  have 3 of the same size. Please make sure you only put 1 of each size or less on the rack. I knew you asked for more kids hangers last week and I think this is the reason why.",Liz,,MM,,,,,,,
12.01.24,"Hey guys ✨ Today is sadly my last day at qvb - I just wanted to say I'm so happy I got to be a part of this monster family! I started out a rookie in retail and it is thanks to your patience and support that I've grown into the person I am now 💖 I've learnt so much and you all are such a lovely group of people - I'll miss u guys 🥹 I've left some treats and a little cow friend to keep y'all company as a token of my appreciation. Keep in touch, take care, and I'll hopefully see yous around!                Love, Vi-An 🌷",Liz❤️,,❤️🥹,,,,,,,
12.01.24,Anne Lee has dropped by again asking if we could leave plastic bags aside for her - preferrably a3 size or larger. I've put the ones we have already in the cupboards so feel free to fill the bag up when we get more in. Here's her number just in case: 0416 228 730,Liz,,MM,,,,,,,
11/1/24,"Hi Everyone, Please make sure you date the hold items. I have noticed there are a lot of items from a week ago, no date. I will put them all back now. Thanks Kaew.",Liz,KP,MM,,,,,,,
9.1.24,"Hi everyone, I made a new stock check template: https://docs.google.com/spreadsheets/d/17dhDLb8_WBdz1-STYgtS793SUDlw4jQRuBqy2hhrhyo/edit#gid=909935104
With this one you scan your items into Cin7 first then copy them across to the template and it will count them for you. No more need to upkeep a list of all the stock and no more outdated prices :)",Liz,KP,MM,,,,,,,"Thanks for making this, really helpful!"
24.12.23,Merry Christmas!!!! Have a great festive season ,Liz,,,,,,,,,
22.12.23,"Hi, can someone please add 144pts to Kelvin 0478 622 505 kelvinsofjan@gmail.com . It seems like the loyalty dog couldn't recognize a new member (didn't show up). Thank you peeps ",Liz,,MM,,,,,,,26.12.23 please also add 24pts to this account ccreneecc88@gmail.com. 29.12.23 naewest20@gmail.com 95pts
22.12.23,"Hi guys, please don't leave the aircon colder than 21 overnight. It might not get that cold during the day but it gets there in morning when opening 🥶",Liz,,MM,,,,,,,
21.12.23,"Hi so these: Porter: Ceramic Mug Terrazzo 355ml, are $44.95 not $42. Just remeber this is the new price ",Liz,,MM,,,,,,,
20.12.23,"Hi guys, Chris Russell 0425 215 600 brought in a faulty Music Box MAX Critters with gifts today and is happy to exchange for a new one. When it arrives in the delivery please call him and give it to him when he gets here (we alrady took the faulty one). ",Liz,,MM,,,,,,,called and left VM 21.12.23
18.12.23,"Hi team, Please can we price products correctly. This is a simple requirement of the job. We have had to do multiple refunds to senior customers, which gladly have not got mad though this leaves a negative consumer impression on valued customers. Please do your best to double check prices!!!!! This has been occuring on a weekly basis, this is not good enough. ",Liz,,MM,,,,,,,
12.12.23,"Hi girls, please add 9 points to this customer Eleni 0433351192. I couldn't find her details in shopify. in case anyone know her or if next time she came back here please double check the details with her. thank youuu ",Liz,,,,,,,,,Eleni 0433 351 192 soulslayer92@gmail.com 9pts + 53pts. done✅
11.12.23,"Hey guys, there's some smear marks and drips on the counter that aren't budging with the cleaning products we have on hand - just wondering if these are from super glue? If so, can someone who paints their nails please bring in some nail polish remover with acetone to try clean them? (Also please remember to put down some scrap paper next time you break out the glue :) )",Liz,,MM,,,,,,,
10.12.23,"Hi team, I have noticed alot of products have been wrongly priced, leading to refunds and unhappy customers. Please before pricing double check the price, as stuff needs be priced correctly. Thanks :)",Liz,,MM,,,,,,,
7.12.23,"Hye guys, twice really recently I've gone to use the vaccum at the end of the day and its been clogged with scraps of paper and stickers. So just a heads up - please don't try suck up big things, and if you notice it's stopped sucking and it sounds louder/ more strained than usual ... you might have to take it apart and unclog it. 

Oh also there are two charge cables in the cleaner's closet - one is for the mop and one is for the vaccum (yellow sticker). They won't work if you plug them into the wrong device (which I've noticed a few times) ",Liz,,MM,,,,,,,"I noticed this, I did take some of the dirt out but it was very clogged :) Liz"
3.12.23,"Hey guys so we think a customer swapped the,  Everyday Mugs Two Set, as there are now 2 different designs on display. Please ensure that you tell customers when selling them that they are 2 of the same design in each box",Liz,,MM,,,,,,,
2.12.23,"Hey guys this customer is not coming up in the points system: nandufo9137@gmail.com. could someone please try the search again, I tried adding points but was unable to despite creating an account in shopify.",Liz,,MM,,,,,,,"Still not showing up, can you please let send a message to Mark letting him know how many points to add and he can take a look? "
01.12.23,"Hi girls, can anyone please help to change the music details of these music boxes on display; 05. Safari 'Pop goes the weasel' $119.95, and 21. Rainforest 'Waltzing Matilda' $109.95. thanks a bunch!",Liz,,MM,,,,,,,
20.11.23,"The bottom part on the unicorn lamp is coming apart but I can't find our super glue. When the glue comes in/ if someone can find it, can it please be fixed? Thanks :) 
also there is a snail vase in the cupboad that needs to be glued back together too - thanks!! ",Liz,,MM,,,,,,,
16.11.23,All the tees that have problem with the print faded were fixed. - they can go on shelves. ,Liz,,MM,,,,,,,
14.11.23,Hi Just a heads up that the cat bowels with chopsticks have changed price to $44.95,Liz,,MM,,,,,,,
,"m-jayne@hotmail.com, please add 80 points",,,,,,,,,,"what date is this for - couldn't find her in points system
added - yn

they have 90 points now so assume this this done??"
12.11.23,"Hi team, I saw cockroach twice for these two weeks in our shop, please keep our place clean or is there any solutions? Really don't want to see them again...... thanks",Liz,,MM,,,,,,,Ewww :((( I've put in a request for roach baits
4.11.23,"Hi Guys, just letting you know about the printing problem with some of our Tees: Recycle War, Turtle Town, & Space Ride. Please put these design aside for the mean time - check email for full info",Liz,,MM,,,,,,,
31.10.23,"There is an online order for pick-up in the cupboard. The shirts in the bag have already been paid for and the customer would also like to purchase the two kids tees next to the bag (Elephant and Starry Night size 9). Please check ID when he picks up, the name should match David Leslie: https://admin.shopify.com/store/monsterthreads/customers/6824058978520  He also has enough points to get the two shirts for free, if he would like :) ",Liz,,MM,,,,,,,done:)
28.10.23,There's only one Cute Dog/Cat Planter left! If we get any more in for the buy-one-get-one-free deal I've just put the signs in drawer D.,Liz,,MM,,,,,,,
23.10.23,"Hi everyone, just an update from Lance on what documentation should be recorded: 

1. All staff purchases, which are approved, should have a copy of the invoice printed and placed in the paperwork for me, in separate bag called 'staff purchases'. 

2. Any paper Gift Voucher, which (old card ones), not sure if we will get of these again, moving to the new system...but just in case, if we do, then the 'card' should be retained by us and sent to H/O

Also, we are no longer hiring anymore xmas casuals. ",Liz,,MM,,,,,,,
19.10.23,"Hi everyone, I was asked to remind you guys to create a transfer list before sending back items to WH and put the transfer ref on the bag/ item. would be good if we can check any transfer items every morning especially on delivery days. Thank you :D ",Liz,,MM,,,,,,,
14/10/23,"Hi, just letting you know the animal snaps have changed price they are $11.99, Make sure to check prices before pricing if unsure. And also please price products on the back so that it looks neat - have noticed alot of products with the price on the front. Also please check pricings of cards - as there have also been alot of these with incorrect prices",Liz,,MM,,,,,,,
30.9.23,"Hi it would be really good if the speakers could connect automatically, if this could be fixed before the busy christmas rush this would make things much easier. Also I have reorganised the Happy Socks with mens on one side and womens on the other, and the kids under on both side - Please try and keep the socks neat and ordily :):). Also Please try not to cramb the draws under the counter as the bubble wrap and flowers get stuck at the back which makes the draws not close - causing the need for fishing out these items from behind the draws ",Liz,KP,MM,,,,,,,"Re speakers: I've tried to figure this out but it seems when we changed PCs they now automatically switch off when the PC is switched off. Even when they're connected the same way as the old PC (in-built Bluetooth disabled and using the dongle) they still switch off over night :( 

Re socks: Woah theres so many now lol. I've just changed it a little bit so the colab socks are all together :)    Not sure if everyone doing this but I normally take one close to another and place them at the same time. Its quick. You do not have to coonect them with tthe computer, they connect automatically where they are. Kaew."
28.09.23,"Hi girls, does anyone know how to mop the floor properly? because everytime i mop the floor it seems to get even dirtier than it was before :( if anyone has tip or trick please kindly drop the instruction here Thank you!!",Liz,,MM,,,,,,,"I used wet tissue it worked but it was too much energy and time consuming :( -rc

Not 100% sure I suspect adding too much of the cleaning fluid in the water can make the floor a little sticky so it gets dirtier faster.

I tried the blue spinning mop + please the blue circle cloth and spray the Green Action Multi Purpose Clearner on the floor, it works quite well, so can someone who works in a shift of two people was and wash those circles cloth, that would be very helpful, thanks heaps! yn

Personally a fan of dual wielding mops - spray with green mop, scrub with power mop, wipe up with green mop. Takes a long time tho. "
26.9.23,Please don't forget to include the size when you record a stock discrepancy. ,Liz,KP,MM,,,,,,,
26.9.23,"I've reorganised the kids/babies clothes a little:
- Halcyon Nights now under MT kids tees, with beanies in a beg beside 
- All other brands including hats and beanies in the cupboard next to it, under the white ceramics. ",Liz,KP,MM,,,,,,,
22.9.23,There's 1 Demo Huck Finn Music BoxAdventures of Huckleberry Finn that I put inside the cupboard where staffs usually put their bags. Please let them out on display and make sure all of the new prices are correct. Thanks!,Liz,,MM,,,,,,,done
21.9.23,"Hi girls, I've seen a few cards with the wrong price. Please double check item price before you put price stickers on them especially greeting cards. Thank you! :)",Liz,KP,MM,,,,,,,
19.9.23,When there are two staff on can someone please refill the water in the mop and rinse + squeeze out the pad in the bathroom sink. If there is time. Thanks!! ,Liz,KP,MM,,,,,,,"I bought two bottles of water from the spare money from the till, so we can have containers to get and refill water later on too :) - yn
thanks!!"
19.9.23,Hi guys! We got a card to use the change machine at Commonwealth Bank :) I've put it under the change in the till. The PIN is 9038. I haven't tested it yet so fingers crossed it works okay. Also note it can't be used to withdraw cash. ,Li,KP,MM,,,,,,,
18.9.23,Hi everyone! For those who aren't aware - when you print anything from the thermal/ receipt printer you can't put sticky tape over the print. It messes with the powder coating on the paper and the print will fade away and become almost unreadable within a few days.,Liz,KP,MM,,,,,,,
18.9.23,Morning. I am seeking 3 new team members as Xmas casuals. These people must be available for early November onwards and through to end January 2024 ideally. Should have previous retail experience. Must be able to work between Newtown and QVB. Keep an eye out for good people and you can ask them to email me directly with a resume. - Lance ,Liz,KP,MM,,,,,,,
.14.9.23,Holding products for customers - Please ask them when they are coming to get the items. Some items have been here for a long time. If pass the holding date- please put them back out. Thanks.,Liz,KP,MM,,,,,,,
10.9.23,"Hi team, I have noticed for a few times that we are really lack of $1,$2 coins or $5 notes when I work on Sundays, it's really hard to work without them as customers always want changes from these, plus the teller closes on Sundays, I know we have a coin exchange machine but today I went, it wasn't avaliable.... 
I just have some suggestions here:
- when getting cash from closing, try to get from the higher value of notes e.g. $100 > $50 > $20... so we can keep the smaller money for the other day
- Staffs from Fridays and Saturadays (I noticed we always have 2 staffs working) could try to do a bank run to exchange small coins or notes, if the coin exchange machines doesn't work, can get exchange from the teller
Hope these suggestions could help and solve the problem, thank you :)",Liz,KP,MM,,,,,,,
7.9.24,New computer! Unfortunately the speaker did not connect automatically when I opened it today. If the speaker does not work again please check the reference file for how to connect them.,Liz ,KP,MM,,,,,,,
7.9.23,"New Card Spinner stand. Please roll it out during the front when you open. lock the wheel by flicking the black panel down. Put it out pass the fron door and on the side a bit so it does not block the walk way. (Hopefully the cards do not go missing)
We can only put the Brands below on the stand, the supplier will come to check.
Cath Kidston
E.Frances
Ohh Deer
Badger & Burke
Red Cap
Niaski",Liz,KP,MM,,,,,,,
6.9.23,"Hi Everyone, i have a mandatory change in direction. Previously, we agreed to not print out any terminal receipts (Zeller or CBA terminals).....as long as we saw ''approved'' on the terminal. Unfortunately, this has NOT worked. Over the last 4 weeks, we have had 4 separate incidents in 3 different stores where a customer was declined - yet we did not find out till later. We assumed that it was approved. On each occasion, the team member has agreed and volunteered to pay for the mistake. Whilst i appreciate you making up the money, i know this is not good for each of you, as you lose out. To fix this...i would like to change the way we do things. From today - immediately - i want each team member to print out each and every terminal receipt and too also circle the word ''approved'', with a pen. This is expected - is mandatory and will hopefully reduce the level of incidents.

- Lance",Liz,KP,,,,,,,,
21.8.23,Hi guys! Lance would like to remind everyone - please mop the floor at the end of every day. He was in last Friday and was really disappointed at the state the floor was in. It gets nasty!!!,Liz,KP,,,,,,,,
20.08.23,"Can someone please add 126 points for Meggie Du's membership account (doooyishan@gmail.com), can't find her account somehow as I just added her manually, might need time to load, thanks heaps",Liz,,,,,,,,,Still not showing up today so I asked Mark to add the points. 
17.8.23,Please hang MT large umbrellas on the wooden box that we put small umbrellas in as the tip of the large umbrellas might get damaged and also they look quite messy in the basket. Thanks.,Liz,KP,,,,,,,,
17.8.23,Please check if all the Halcyon Nights are out on display - Last week there were 5 popular designs not out. These week there were 2.  Thanks - Kaew.,Liz,KP,,,,,,,,
17.8.23,Extra Plushies are in the cabinet under japanese ceramics,Liz,KP,,,,,,,,
9.8.23,"Our box housing the large mens tees is due for a replacement, so please look out for a suitable box when delievies arrive. Thanks! :) ",Liz,KP,,,,,,,,
9.8.23,"Hi guys! All of the 'Cute Cat/Dog Planters from Urban Products are now buy 1, get 1 free :) Like usual, the cheaper one is the free one. 
There are also some extra pots in the cupboard with the Kids Raincoats (I moved the snowglobes to be with the bags) and some boxes that fit the $26.95 pots in the staff cupboard (folded down to save space) ",Liz,KP,,,,,,,,
4.08.23,New snowglobes have come in! I've put the extra ones in the cupboard with the kids raincoats :),Liz,KP,,,,,,,,
28.07.23,Hey there! I acumulated a few things that had missing pieces/pairs into a bag on the counter. Wasn't too sure how to transfer miscellaneous items like this - If someone could complete a transfer for them to the warehouse that would be amazing :),Liz,KP,,,,,,,,
10.7.23,"Hi guys, just a reminder - please make a note of any items you would like to get them from the WH for customer requests in store needs even if you think it's going to be sent next delivery, just to be sure! Thanks :) ",Liz,KP,MM,,,,,,,"Ok, will do next time! - Vi-An"
8/7/23,"Hi Guys so we organised the Jumpers, they are next to the adult raincoats, we haven't specified Womens and Mens due to lack of space in store so make sure to double check before selling items to customers",Liz,KP,MM,,,,,,,
6/7/23,There are a lot of stock missing! 😱 I was shocked. Please be mindful of everything around you. I know it is school holiday so there are a lot more people around.,Liz,KP,MM,,,,,,,
5.7.23,"Hi guys, just a reminder when closing - when you finish up the till should always equal $400. 
If there was a discrepancy add it or take it away from the cash takings from the day :) 
For example, if you are $5 down if should look like this: 













Also remember to put the correct amount (in this case $35.90, not $40.90) in the Cash Deposit sheet. ",Liz,KP,,,,,,,,noted!
28.6.23,"Hi guys, not super urgent but does anyone want one of my shifts next week and the week after? I picked up a lot of commissions at my last convention and would really like some more time to work on them :D Text me! Moss",Liz - thats great Pauline :),KP,,,,,,,,"That's awsome Moss! Congratulations. What was the convention called? xe
Aurawra :3 Cool-en"
23.6.23,"Hiya! Please make sure there is enough change in the til during the day, no $20 or 5 cents this morning...Thanks! Erin",Liz,,MM,,,,,,,"I usually go first thing in the morning if I notice the till is running low, best time to go imo :)b Sorry, I meant when there's two staff on during the day. No worries!e"
17.6.23,"Hi, I just organised the Kids raincoats, I think someone moved them to behind the counter in to the cupboard (this is better for access:)   - I have grouped them into sizes ",Liz,,MM,,,,,,,
15.6.23,Thanks for organsing the empty boxes. Kaew,Liz,,MM,,,,,,,
03/06/23,"Hi, just letting you know the animal snaps have changed price - please look on cin7",Liz,,MM,,,,,,,
20623,"Helloi! I shimmied some things around today....also, there was a huge card/magnet card delivery, so we now have a toddler birthday stand in the kids section, a box of cards next to the paper sculptures and some new cards near the Happy Socks/Wooderful. Thanks! Erin",Liz,,,,,,,,,
31.5.23,"We are putting our PUFFER JACKETS on sale for 7 days! Sale starts today, ends Tuesday 6th June. Please make sure you put the puffer jackets and sign on the window! Sale is instore and online.",Liz,,,,,,,,,
23.05.23,"Just organising under the counter a bit. If anyone is looking for the little plastic bags for change, they're now under the coin compartment in the till. Also staff lanyards are now in 'E' drawer",Liz,,,,hg,,,,,"Wow everything's so neat 😮✨ Thanks Holly! Erin: I could tell you worked yesterday Holly, even before I read this! You're a star!x"
17.05.23,"Hey there, I was tidying up the planters today and didn't get around to putting all the flowers back in - so sorry! I've left them in a bag next to the happy socks. Feel free to display them however you please :)",Liz,,,,hg,,,,,
28.04.23,"Hi guys just wanted to remind everyone to re-stock MT Raincoats (1 or 2 are not out) , Japanese ceramics (the ones that in the cabinet are not being reaplace), Plushies & Halcyon nights (***there are 3-5 designs that missing from the racks). Also please price things on the back of products - its just looks better.",Liz,,,,hg,,,,,
19.4.23,"Hi guys, our air con got an upgrade!! Its now controlled by a touch screen next to the jumpers!
I also made a tiny guide with pictures on how to use it, please give it a read it will only take a second!! 
https://docs.google.com/document/d/1d47Kq2ClBd2q2Pp-IBxbHJN3u7q3nxQ77HMNnT3UEls/edit?usp=sharing",Liz,KP,,,hg,,,,,
,"and does anyone find that the mouse it's hard to use as it doesn't work sometimes? is it possible to change it to a wireless one? I had the mouse freeze for over 10 times today, freak me out....",Liz,,,,hg,,,,,I also much prefered the old wireless mouse!! I tried putting some new batteries in it but I couldn't get it to work ... :( yes it seems to be a little slow and not responding some times
30.03.23,"Hi girls, I just move the file storage organizer to the back cabinet next to women fashion top box as we will use the safe hole to put the end of day money from now on :) if you know better place to put it please do so! :)  thanks",Liz,,,,hg,,,,,When I opened today its back in the original spot?
27.3.23,Please only put one of each Halcyon Night design out. Those pegs are terrible at holding a lot of hangers on them and they start slipping off the end when customers are trying to look at them if there are too many :(,Liz,,,,hg,,,,,
27.3.23,"Just a note from Rosie on deliveries: (For QVB) it will still be Mon and Fri.
It's also somewhat dependant on public holidays and how much you sell. We'll cancel deliveries if quiet.",Liz,,,,hg,,,,,
26.03.23,"Hi guys, just a kindly remind that please plug the charger in the EFTPOS on the right hand side, not on the white machine underneath, it doesn't charge the EFTPOS from there, thanks",Liz,,,,hg,,,,,
22.3.23,"I've been moving around some stuff in the cupoards. Sorry the stickers are still the old layout - I wanted to see how everything goes before updating them. 

First aid is now in draw F (same draw as the flowers). 

I moved the tees into boxes because I was getting sick of the stacks. So far I've found it easier, but if you guys hate it let me know!",Liz ,,,,hg - the boxes were a good move!,,,,,
14.03.23,"Hello, I've left the TGV key behind the wooden orbitkey stand just in case we ever need it. Feel free to move it to a safer space if necessary. Goodbye TGV... :,)",Liz :(,,,,hg,,,,,I've placed it under the cash!
14.03.23,Hi! Some guys came today to install a cord that will eventually be linked to the new AC system once they install it. We will have a touch pad screen so that we can control the AC ourselves! Not sure when they will be coming back but just a heads up :),Liz,,,,hg,,,,,sounds fancy! :O
10.3.23,Lance would like to know who has what keys. Please reply with either big key (door on Innisfree side) or small key (door on Hype side) or both. Thanks!  ,both,,,,both,,,,,
10.3.23,"Hey guys, we got a new motorised mop! I've been playing around with it today and I think my favourite way of using it is using it as a team with the old mop. I give the floor a few sprays with the old mop, then scrub the wet patch using the dark green pads on the new mop, then wipe it all up with the old mop! It's time consuming for sure, but it seems to be lifting a good amount of the grime that was basically impossible to get rid of with just the old mop! ",Liz,,,,hg,,,,,
3.3.23,"Morning Leila! Sorry I didn't get a chance to finish off the stock! Also sorry some things are in random spots on the shelves, I also didn't finish figuring out where everything should go aaa. 
Here is the stock check: https://docs.google.com/spreadsheets/d/11chkwVWXrfmxw9xTsYYaSmRLOjaxp1sY987y4g3XdC0/edit#gid=909935104
Hope you have a great day!! ",Liz,,,,hg,,,,,"Moss, everything looks great! Also i am so impressed by your stockcheck sheet -- you are literally a wizard! - Leila

Thank you!! If you want to try using the my fancy stock check I made a little guide! https://docs.google.com/document/d/1UDm9MZl4iwEPCaiCK_9MIdYXg_SWVkuZZtheHYY1InY/edit"
3.3.23,"Hi everyone, just a note from Rosie:

A lot of new products will be arriving instore over the next few weeks.

TGV may not receive most of these as the store will be closing mid March.

I wanted to ask all staff to have a quick look at these two links below.

Our new Pouzoo Pen Pouches from Japan's King Jim have adjustable arms, legs and back, so they can be moved into many different poses.
https://www.kingjim.co.jp/sp/english/pouzoo/

Soy wax blend candles from Tennessee Nashville's Paddywax come in ceramic holders that you are encouraged to repurpose after use.
Please read this brief page that shows you how to combine two of the folia planters to create a self watering planter.
https://paddywax.com/pages/folia

Please demonstrate these functions to customers.",Liz,,,,hg,,,,,"Hey yall -- i did some more research on the candles. The ones that arent part of the folia collection (the wabi sabi collection) are all 100% food grade so when they have been used up they can be cleaned and repurposed into cute lil bowls !!!!!!!!!!!!!!!! 

that's so cute omg 😭"
1.3.23,"Hi guys, we've been getting some calls from a company that wants to upgrade our lights (I got 2 today!) Just tell them 'no' and give them the generic email address adress (info@monsterthreads.com.au) if they are persistant.

I don't even think its targeted at us because they ask about our 'home' and they hung up on me when I suggested they speak to the business owner 😂",Liz,,,,hg,,,,,
13.02.23,Message from Lance: https://www.globalshop.com.au/products/floor-police?utm_source=google&utm_medium=sem&utm_campaign=%7BCampaignName%7D&utm_content=%7BAdGroupName%7D&gclid=CjwKCAiAuaKfBhBtEiwAht6H70zDQ_NISKRZ0blXEMBuue56PTFtv_8NMyYAYqjfKdU2WWzEZ58yvxoCZL0QAvD_BwE Ive got one of these arriving to the shop address - in 5-7 working days. Pls let me know when it has arrived.,Liz,,,,hg,,,,,
10.2.23,"Morning Regina! Sorry there was too much stock for me to finish! Here is the stock check: 

https://docs.google.com/spreadsheets/d/1PX5vNCqiLNu4vsC5VsJ9a6Hc99q0vlFgUueCSIDm-mY/edit#gid=909935104

Everything on the counter (mainly cards) has already been scanned ~ 
Have a good day!! ",Liz,,,,hg,,,,,
10.2.23,"Email from Rosie: 
Hiya,

We moved outta our Mascot warehouse and into one in St Peters.
Our address is:

Monsterthreads Warehouse
233 Princes Highway, St Peters, NSW 2044

Our phone number is: (02) 8041 7135
However... I have also been informed that we don't have a landline set up... and it doesn't appear to currently work. So best to assume we have no phone until a mobile is set up.

To contact us:
Try hangouts or email first?
 
For urgent matters:
Call Kaew 0431 319 188
Email orders@monsterthreads.com.au to reach Maria
Call Rosie 0405 344 251

Warehouse is open until 3pm/4pm weekdays.
Kaew may need to leave by 2:30pm some days

Who is in warehouse:
Mon - Kaew, Rosie and Maria
Tue - Maria
Wed - Kaew, Rosie OR Maria
Thur - Maria
Fri -  Kaew and Rosie and Maria

Weekends we won't be able to answer stock checking questions as usual but continue to contact staff as you normally would about other matters.

Thanks and let me know if I forgot anything.

Rosie",Liz,,,,hg,,,,,
7.2.23,Just another reminder to please plug in the eftpos machine over night! When its not plugged in it runs out of battery by the morning and takes time to recharge before it can be turned on again. ,Liz,,,,hg,,,,,Sorry. that was my bad. I thought about it when I was already back home :( -jess
2/2/23,"ALL Wooderful life issues from customers MUST be passed on to Lance. 
Every issue with Wooderful Life music boxes must be solved by our team regardless of 
what the problem may be or when customer bought the box. Thanks, Mark",Liz,,,,hg,,,,,
27.1.23,"Note for Leila working on Monday :) 

I've been working on a fancy version of the stock check that automatically counts, highlights discrepancies, and shows the item prices as you go. If you would like to give it a go please check out this guide on setting it up! If you get a delivery ofc haha. 
https://docs.google.com/document/d/1UDm9MZl4iwEPCaiCK_9MIdYXg_SWVkuZZtheHYY1InY/edit 

I've tried to make it as easy to use as possible. If you have any suggestions or find erros please let me know! My goal is to share it with everyone :)  ",,,,,hg,,,,,
25.1.23,"Just a psa: if customers are interested in the xmas ferris wheel music box but we are sold out, they can purchase them on our website :)",Liz,,,,hg,,,,,
20.1.23,"If Cin7 is printing a question mark at the bottom of reciepts, right click on the question mark and under AdBlock click 'hide this ad' and you should be able to get rid of it. ",Liz,,,,hg,,,,,
20.1.23,"On Monday Judy (0429 688 550) will be coming to exchange a Lumi-go-round for a touch lamp (I got approval from Kaew). Her mother was in today and was complaing that the lamp wasn't working when she bought it home. Please test it and if it's working I think it should be okay to resell, otherwise please send it back to WH as usual. Thanks! :) ",Liz,,,,hg,,,,,
11.1.23,"Hi gang, today when I opened the EFTPOS machine's battery had gone flat over night and it looks like the charging dock sometimes doesn't work? 

I think to be safe we should start plugging the machine in to charge overnight, it looks like it doesn't have any issue charging that way :) You can plug the cable back into the dock at the start of the day.",Liz,,,,hg,,,,,"If you unplug it, please remember to plug it in again at the end of the day ... it takes a long time to switch back on again in the morning when the battery goes flat over night ^^; "
09.1.23,Hi! Both TGV and Newtown stores are unable to process the Back to School vouchers but our store can. They will call us to help put them through until it is fixed for them. The link to the guide is below in earlier comments! :) ,Liz,,,,hg,,,,,
,"hello! is someone able to check on monday, if we are getting any new music box designs in anytime soon for Dawn -- 8068 4369 (and let her know pls) ",Liz,,,,hg,,,,,In future you can also let customers know they can sign up to our email newsletter for info like this :D
7.1.23,"hey yall, just a heads up -- we have had a customer exchange a music box twice after breaking it themselves both times. it was a safari music box. just keep an eye out if they come back again with another broken one  ",Liz,,,,hg,,,,,
6.1.23,"Morning Leila! There was a mishap with today's delivery so you're going to be getting a small delivery in the morning. Please check transfers if you need to accept one. 
Have a nice day!! ",Liz,,,,hg,,,,,
5.1.23,"Hi gang, I'm sure you've noticed right now Cin7 is printing double receipts. While it can't be fixed on our side, my tips for dealing with it: 

- Open Cin7 from the bottom task bar or start menu NOT the short cut on the desktop. This will stop the receipts auto printing. Restart the PC if you opened it from the shortcut and want it to stop. 

- When the 2nd print pop-up opens, the quickest way to close it without a printing a another receipt is to press the TAB key, then ENTER

Hopefully it will be fixed soon?? ",Liz,,,,hg,,,,,Looks like this is fixed now :)
02.01.22,"Hi everyone, please be careful when you put the price tag on every items. i've got one customer mad because the price on the item is different with the one in the system saying that it was false advertisement. and also if you guys have some free time please also check the items price make sure it is the right one especially the planter to prevent this situation to happen again. thank you.",Liz,,,,hg,,,,,
20.12.22,"Hi guys, I saw they started doing this at TGV and I think it will be a good idea to start doing it here too!! (At least for this last week before xmas!) 

When you put through a transaction on card, take a pen and circle 'Approved' on the receipt. 

Please take a second to check that it has gone through correctly with the right amount before you click 'card' on the payment screen. 
I know it will add a little time to each transaction, but I think it will be worth it :) 

Thanks guys, lets do our best this week! 💪",Liz,,,,hg,,,,,
15.12.22,"Hi everyone! we are now accepting NSW Back to School voucher  to redeem this voucher you can simply go to the apps ( yellow lightning picture on the pinned bar ) and open Service NSW App. and you should be able to redeem it after entering the code and put in cin7  'BackToSchoolVoucher' and process like you would a normal Gift Voucher. thanks

I made a guide with pictures if you are feeling lost! :) 
https://docs.google.com/document/d/1ZDjE4fWdJKBeMvWa_cmPwjQcZIhn0NkyV8ZWOTKsXHI/edit",Liz,,,,hg,,,,,
14.12.22,"Hey guys, please be careful sticking the sticky tape dispensers to the counter, today the blue tac pulled a plug out of the bottom of one of them and sand went everywhere lol. ",Liz,,,,hg,,,,,
11.12.22,Hello! I just moved the little cat figurines over to the shelf to make more counter space as it was getting a bit cramped when trying to wrap stuff. Feel free to move it back though,Liz,,,,hg,,,,,
27.11.22,"To Holly and Regina,
Hihi! I have a customer Sujai Liang 0404 511 775 came today, she purchased two Gumnut Pals pencil cases on 6th Nov for oversea gifts but they didn't end up going oversea, she would like to exchange or get a credit note, I told her we still can exchange in this case for her. She will come on coming Tuesday or Wednesday for exchange with the products during your shifts. Please exchange as norma exchangel transaction. Thank you!",Liz,,,,hg,,,,,hg - she came today (29/11) and got a credit note. Just leaving the voucher code here for future reference if needed: QGXH74PYFSCC 0404511775
24.11.22,"✨ BLACK FRIDAY SALE ✨
10% off all full priced items store wide. 

Ends EOD Monday 28th. Leila can you please take down the stickers (and note on the computer) when you close :) Thank you! ",Liz,,,,hg,,,,,
14.11.22,Helooo -- Anne  (the lady who we were collecting plastic sleeves for) dropped off a Block of Caramilk choccie for us as a thank you for helping her out. She still needs more if we wanna keep collecting them for her. ENJOY :) its in the staff cupboard,Liz,,,,hg,,,,,
12.11.22,"Hi all -- just wondering if anyone would like to do my Saturday shift on November 26th -- its 9.30 - 4.30pm! Saturday rates ($) if anyone is looking for some extra moniessss. Its all good if not, just figured i'd check! If you want to take it -- just shoot me a message (0414931381) and let me knowwwwwwww :D -- Leila ",Liz,,,,hg,,,,,
11.11.22,"Hi everyone, we've been finding a few odd items with the wrong prices tagged on them. Just a heads up to please be vigilant. Thanks!! ",Liz,,,,hg,,,,,
11.11.22,"With the touch lamp display - please leave the cable a bit of slack / don't stack the boxes on top of it. Sadly our old cable was destroyed from too much tugging, and our current back-up is already pretty frayed (I tied to reinforce it with sticky tape lol) ",Liz,,,,hg,,,,,
8.11.21,"With the xmas tree 🎄, when the store is open please place it next to the glass door. It can be sticking out of the shop/on the tiles a little bit. Try to make sure it's not blocking walkways. When the store is closed it can be scooched back in and left on overnight :) ",Liz,,,,hg,,,,,
8.11.22,Morning Regina! Today Cassie will be coming by to pick up some items for glass display cases in the center. Please make a list of all the items she takes and email it to Lance :) ,Liz,,,,hg,,,,,Done!
6.11.22,Hi! I had a wee bit of extra time today so I made little gift bags from some of the wrapping paper offcuts- they're just underneath the cards on the desk. Thought it might help if it gets busy or if you don't feel like wrapping! Alll various prints and sizes- hope that helps! -Heather :),Liz,,,,hg,,,,,I've put them with the jewellery bags :)
3.11.22,"Where possible, please stick prices on the back or side of products. It looks a bit tacky on the front, and if there is a little bit left over when the sticker is taken off (ie when wrapping gifts) it's not as noticeable on the back. Thanks :) ",Liz,,,,hg,,,,,
28.10.22,"Hey guys, we now have keys for the mirror and glass cabinets! 🎉 We have 6 keys, 2 are in the box with the short story bottles behind the counter and 4 are in the cash drawer under the coins. They're all the same so each key unlocks all the doors :) 

The front door on the right hand side (looking into the store (the one that was wobbly)) also has a new lock and needs a new key to match! The old key still works for the door of the left. Leila, there is a new key under the coins for you :)",Liz,,,,hg,,,,,
27.10.22,"Hi guys! Moss here. I have some shifts coming up in December starting at 2~2:30 and finishing at 8pm on the 3rd, 12th, 13th and 14th. I was wondering if anyone would be willing to swap with me for shifts that don't finish so late? I would much rather start early than finish late :D; Feel free to text me 0411 044 466! Just figured it would be easier to ask here than text everyone lol. If no one can/wants to swap no worries, just thought I would try :) ",Liz,,,,hg,,,,,
24.10.22,"Hiii, can you call the airconditioning people today? I called them today but they never showed up. its a literal sauna in here :/ ",Liz,,,,hg,,,,,"I called them and I think they turned it on from their end. I was actually dying this morning, I think we need a more permanent solution :/ -jess"
23.10.22,"Hi team, please be gentle when you open boxes of the stocks while using a cutter, we got some items got scatches on the surface, just try to not damage the items as customers would not like to purchase and would ask a discount for the damange, just be gentle, thank you :)",Liz,,,,hg,,,,,
22.10.22,"Hi ya'll, just a reminder to make sure we are all filling out the cash sales deposit sheet at the end of the day. Also, don't forget to write Store Name, Date, $ Amount and Names of Staff that Worked that day on the cash bag before putting it iin the safe! ",Liz,,,,hg,,,,,
19.10.22,"Hi Pauline, I just put aside an outer space music box for customer (David) to pick up tomorrow morning around 11 AM. It is not yet paid. Thank you.",Liz,,,,hg,,,,,done! :)
15.10.22,"Hey guys, starting mid next week Sasha of Hellotomato Studio will be coming to paint some fun murals in the shop! :D She will be coming after close and moving items on the shelves to paint on the walls beind them, so please move the stock back when you open :) ",Liz,,,,hg,,,,,
7.10.22,"Morning guys! Some info from evacuation training: 
- Stage 1 alarm will say 'stand by for further instructions' It is recomended to mostly close the shop doors and get ready to evacuate if needed.  
- Stage 2 alarm will say 'Emergency, evacuate now.' At this stage please lock up the store and evacuate via the fire stairs opposite our shop. Then proceed to the evacuation point outside the front entrace of QVB near Town Hall station where the Queen's statue is. Sometimes the alarm will skip stage 1. 

Something to note - the building is old and constructed mostly from timber, so in case of a fire it will get very dangerous fast. It also means that the alarms er on the side of caution and most of the time it won't be a 'real' emergency. But IMO it is better to be safe!! ",Liz,,,,hg,,,,,"terrifying, thanks for the info!  "
6.10.22,"Hi guys, today I accidently overchanged someone $8 on card! :( She bought an Outer Space music box and a la la land card at 6pm. If she returns please refund her the $8 (you can do this by putting $8 into the card machine and then tapping 'other' to put it through as a refund)
Also please tell her I'm very sorry! ",Liz,,,,hg,,,,,
5.10.22,"Hi everyone, from Oct. 7th gift wrapping will now be $2 per wrap 

So say they're purchasing two items - wrapped together would be $2, each wrapped seperatly would be $4.  It can be found in Cin7 under 'Wrap01.' I was thinking it would probally be best to ask the customer if they're okay with a wait if the store is busy and there's only 1 staff. Also I made some little examples - they're on the left of the counter for now :) 
Rosie also linked this great hack for odd shaped items! 
https://www.youtube.com/watch?v=T6DJhB26zKY&ab_channel=MarthaStewart",Liz,,,,hg,,,,,
4.10.22,"ALSO sorry, I did not get through all the stock today, theres not too much left to do. Kaew will complete the transfer when any discrepencies are fixed. I tried to make space for stuff.. theres some room for the kids monbento stuff over >>>> there now, i just spaced out the lunchboxes so there wasnt a gaping hole ",Liz,,,,hg,,,,,
4.10.22,"Hey Moss, Centre management has left a note here about an emergency response and evacuation training. Its on Friday at 9am-10am, on Level 2 of the centre. Ive sent it to Lance but just want to let you know as well since youre working that day.  Theres FREE COFFEE/TEA. :) ",Liz,,,,hg,,,,,
3.10.22,"Hey yall, just in case anyone has this problem again (Moss, I know it happened for you the other day too! Apparently cin7 doesnt always properly round up cash to the nearest 5c for some reason. For example today I am 1c short in cash. :D WHICH IS NOT PHYSICALLY POSSIBLE :D. (Like, I'm bad at math but i'm not bad enough that I singlehandedly revived the 1 cent coin in Australia) I checked with Rosie and apparently this is a pretty common issue with Cin7. No need to worry, just let Nirmani know there was a rounding error in Cin7 in the EOD email. Hope that makes sense! - Leila",Liz,,,,hg,,,,,
3.10.22,Hi! A customer complained about the light flickering and went through all the symptoms of epilepsy with me which was a fun conversation (she didn't have epilepsy but was concerned). Do we have an updates on if/when this will be fixed? Thank you! ,Liz,,,,hg,,,,,"Spoke to lance -- they are set to be fixed on Thursday the 6th of october. Hopefully! :/ otherwise idk what else to do. - Leila

It was really bad today so I turned off the whole section that they're part of :x Hopefully it won't happen again but just in case it does, there is a secret cupboard on the back wall behind the backpacks with a bunch of switches to control the lights - moss"
3.10.22,Hi! Someone left their resume at the counter to check out- I've left it on top of the drawers where all the recipts are! Thank you!,Liz,,,,hg,,,,,
,"Morning Leila!! Sorry I left the garbage! Didn't get a chance to take it down before close. 

Can you also please call Frankie in customer requests and let her know the lunch bag is here (I put one aside in the mirror cupboard) and set up the Ballerina Music Box Demo (also in the mirror cupboard)? 

Thanks and have a good shift!! ",Liz,,,,hg,,,,,all good!!! i called her but she did not pick up! no voicemail unfortunately :(
28.09.22,I have added a desktop shortcut 'Auto Print Google Chrome' which will skip the print confirmation pop-up. If you prefer to have the pop-up open Chrome from the bottom task bar instead of the shortcut. ,Liz,,,,hg,,,,,
26.09.22,"Hiii, please dont forget to put the eftpos terminal on charge overnight!!! ",Liz,,,,hg,,,,,
25.09.22,"Hi, can we put the items on the toppest level of the shelves not too inside please, I still find a bit hard to reach them, thanks team",Liz,,,,hg,,,,,
21.09.22,With the Halcyon Nights - please only put one of each design on display. When there are too many they fall off the pegs when customers touch them. ,Liz,,,,hg,,,,,
20.09.22,There is butchers paper underneath the wrapping paper for back up bubble wrap/people who don't want to use plastic,Liz,,,,hg,,,,,
20.09.22,Also just a reminder to please complete the transfer for the stock delivery and sync cin7 👌,Liz,,,,hg,,,,,
20.09.22,Hey everyone! Just keeping any resumes that we get under the counter on top of the till. Please make sure to pass these on to Vic to send back to WH or Lance if he comes in,Liz,,,,hg,,,,,Ah my B I totally forgot about this! There was one from Pip I scanned with my phone and sent it to Lance as an email. 
19.09.22,Is anyone else finding it overwhelmingly hot in here by the afternoon? just want to check bc it might just be me (a sweaty person) ,Liz,,,,hg,,,,,I haven't had a problem but I'm usually cold ahaha. Might be worth calling Center Management next time it happens and see if they can control the aircon to make it cooler in here for you? - moss
18.09.22,"Hi, do we keep the empty envolop of Halcyon Nights? Is so where do we stock? thanks",Liz,,,,hg,,,,,they're down in the bottom drawer with the spare flowers ! 
17.9.22,There is a sad dino plushie in the cupboard -- i cant get his security tag off AT ALL :( if anyone knows how to fix this please help !,Liz,,,,hg,,,,,"i took it off! so it's all good - yn

Just a tip in case you don't know - when a security tag is stubborn it can help to push the pin in deeper as hard as you can while pressing it against the magnet, then try pull it out - moss"
16.9.22,"Hey guys, I've noticed that a fair number of our smaller items are getting stolen :( (You can see in Stock Discrepancies ... ) Please keep an eye out as much as possible, ",Liz,,,,hg,,,,,
14.9.22,The cupboard with the empty boxes was stuffed full and a bit chaotic so I've just moved them and the planters around a bit. Updated storage map. ,Liz,,,,hg,,,,,
14.9.22,Update on the Wooderful Life display - today the 9 button was having one of its better days (still dodgy tho) so I managed to change 09 and 19. HOWEVER the screen is really faded all of a sudden!! We might have to ask for a new one if this continues ... ,Liz,,,,hg,,,,,
13.09.22,Hello! Had to use the bins to put the plastic bags in sorry! Lance had taken all the rubbish down before I had finished putting out the plushies,Liz,,,,hg,,,,,
12.9.22,"We have a new vacuum! There is a short instruction manual in the 'store info' draw above the safe, please give it a read for info on how it works :) ",Liz,,,,hg,,,,,
12.9.22,"I've moved the bin card to the cupboard with the broom (next to the mirror cupboard) Just a bit easier to see/grab, I think :) ",Liz,,,,hg,,,,,
11.09.22,"Hi team, Afterpay payment is not working yet as Lance said they are still working on it. I have got a customer wanna pay with afterpay but couldn't, so her items are on hold, please contact her when Afterpay is ready. Holding M-L raincoat x 2 and a MT umbrella.",Liz,,,,hg,,,,,
11.09.22,"Hey team, I have replaced a new display of the sea creature projector night light on display, not sure why if you change it to lighter mode (button B), the light spakles.... I am not sure if it is faulty or can someone have a check or fix it? thanks",Liz,,,,hg,,,,,  
10.9.22,"Hey ya'lll, Ive brought some more fake plant stuff for decor if we need them (otherwise they were gonna go in the bin at home ) so feel free to use them, theyre in the bottom right drawer! ",Liz,,,,hg,,,,,
9.9.22,"Hey guys, I've found the shelves closest to the front door get dusty pretty fast. I've added some extra tasks in daily tasks to help keep on top of them!",Liz,,,,hg,,,,,"I've noticed this with the island at the back as well, it gets a weird black dust on it overnight (i think from the fan) - ls"
7.9.22,"When unpacking a delivery, please collect all the plastic packaging waste together and take it down to the bins when the boxes are taken down. If they're thrown into our regular bins they fill up super fast with plastic! Thanks :) ",Liz,,,,hg,,,,,
06.09.22,Hello! Not sure where customer holds are being stored so I've just put one in the mirror cupboard where we store our bags,Liz,,,,hg,,,,,"moss - the mirror cupboard works for now! I was thinking they might also go next to the spare puffers since there is not a lot of spare room in the mirror cupboard.

yn - also updated in storage map, it's a good and big space for customer's holds or requsted items"
4.9.22,"Hi team, it's wonderful to see this QVB shop open and displaying amazingly! love it! 
seems we don't have keys and let the doors of jewllery, sunglasses and secrid shelf open, do we actually have the keys? I feel a bit risky to let them unlock and especially the right shelf door is loose and opened a bit, I found some customers can tell that the door are unlock and try to open...

I have drawn a simply map to go to TGV shop, put it on the top of the till, we can show customers if we want them to go to that shop and hope it's clear and helpful :) 

""seems Shopify has updated a new way to create gift voucher:
go to Product -> Gift cards -> Issue gift card -> then it already automatically generated a code and the rest should be the same and simple""

the '9' button in music box display machine isn't working, I tried to press harder already but still doesn't work...

does anyone know where is the closest bathroom?

I know the vaccum is near the mirror but can't find it... can someone let me know where or how to open any hidden door, thanks",Liz,,,,hg,,,,,"moss - Hi!! This note was added at the bottom so some staff missed it, please add new notes to the top in future! I moved it up for you :)

re jewellery doors - a lock smith needs to come in and change the locks since they were from the old store and we didn't get a key for them! Nice thinking with the sign to whoever added that! 

re map - Nice thank you!! 

re music box button - dang!! It was doing that before but 'fixed' itself, that's so annoying its not working again! :( 

re vaccum - it's stored in the unpainted wood panel right next to the mirror. It's on a spring so you have to push it to get it to open!

hg - re: bathroom there's one down stairs just past the 'goods lift' where we go to take the rubbish"
3.9.22,"There are some instructions linked in references for the speakers and I recommend giving it a read, thankfully it's not too complex! ",Liz,,,,hg,,,,,
24.08.22,"Cin7 Staff Number: 52

EFTPOS Password: 112233 ",Liz,,,,hg,,,,,