Date,SKU,Product Name ,Cin 7 Quantity,Actual Quantity,,Staff,,,Date Fixed,Fixed By
23.08.26,840214820403,"A Dopo Peacock Journal - 6 x 7.75""",1,0,,Mika,,,,
,ROND03,Small Vase $22 - STRAWBERRIES/BLUE MUSHROOM/FLORAL,5,9,,Mika,,,,
,9318051160934,Eye Popping Keychain Highland Cow,2,1,,Mika,,,,
,,,,,,,,,,
26.08.26,9318051133075,Salt & Pepper Set: Avocado,6,5,,Mika,,,,
,,,,,,,,,,
,,,,,,,,,,
,,,,,,,,,,
,,,,,,,,,,
,,,,,,,,,,
,,,,,,,,,,
,,,,,,,,,,
,,,,,,,,,,
,,,,,,,,,,
,,,,,,,,,,
,,,,,,,,,,
,,,,,,,,,,
,,,,,,,,,,
,,,,,,,,,,
,,,,,,,,,,
,,,,,,,,,,
,,,,,,,,,,
,,,,,,,,,,
,,,,,,,,,,
,,,,,,,,,,
,,,,,,,,,,
,,,,,,,,,,
,,,,,,,,,,
,,,,,,,,,,
,,,,,,,,,,
,,,,,,,,,,
,,,,,,,,,,
,,,,,,,,,,
,,,,,,,,,,
,,,,,,,,,,
,,,,,,,,,,
,,,,,,,,,,
,,,,,,,,,,
,,,,,,,,,,
,,,,,,,,,,
,,,,,,,,,,
,,,,,,,,,,
,,,,,,,,,,
,,,,,,,,,,
,,,,,,,,,,
,,,,,,,,,,
,,,,,,,,,,
,,,,,,,,,,
,,,,,,,,,,
,,,,,,,,,,
,,,,,,,,,,
,,,,,,,,,,
,,,,,,,,,,
,,,,,,,,,,
,,,,,,,,,,
,,,,,0,,,,,
,,,,,0,,,,,
,,,,,0,,,,,
,,,,,0,,,,,
,,,,,0,,,,,
,,,,,0,,,,,
,,,,,0,,,,,
,,,,,0,,,,,
,,,,,0,,,,,
,,,,,0,,,,,
,,,,,0,,,,,
,,,,,0,,,,,
,,,,,0,,,,,
,,,,,0,,,,,
,,,,,0,,,,,
,,,,,0,,,,,
,,,,,0,,,,,
,,,,,0,,,,,
,,,,,0,,,,,
,,,,,0,,,,,
,,,,,0,,,,,
,,,,,0,,,,,
,,,,,0,,,,,
,,,,,0,,,,,
,,,,,0,,,,,
,,,,,0,,,,,
,,,,,0,,,,,
,,,,,0,,,,,
,,,,,0,,,,,
,,,,,0,,,,,
,,,,,0,,,,,
,,,,,0,,,,,
,,,,,0,,,,,
,,,,,0,,,,,
,,,,,0,,,,,
,,,,,0,,,,,
,,,,,0,,,,,
,,,,,0,,,,,
,,,,,0,,,,,
,,,,,0,,,,,
,,,,,0,,,,,
,,,,,0,,,,,
,,,,,0,,,,,
,,,,,0,,,,,
,,,,,0,,,,,
,,,,,0,,,,,
,,,,,0,,,,,
,,,,,0,,,,,
,,,,,0,,,,,
,,,,,0,,,,,
,,,,,0,,,,,
,,,,,0,,,,,
,,,,,0,,,,,
,,,,,0,,,,,
,,,,,0,,,,,
,,,,,0,,,,,
,,,,,0,,,,,
,,,,,0,,,,,
,,,,,0,,,,,
,,,,,0,,,,,
,,,,,0,,,,,
,,,,,0,,,,,
,,,,,0,,,,,
,,,,,0,,,,,
,,,,,0,,,,,
,,,,,0,,,,,
,,,,,0,,,,,
,,,,,0,,,,,
,,,,,0,,,,,
,,,,,0,,,,,
,,,,,0,,,,,
,,,,,0,,,,,
,,,,,0,,,,,
,,,,,0,,,,,
,,,,,0,,,,,
,,,,,0,,,,,
,,,,,0,,,,,
,,,,,0,,,,,
,,,,,0,,,,,
,,,,,0,,,,,
,,,,,0,,,,,
,,,,,0,,,,,
,,,,,0,,,,,
,,,,,0,,,,,
,,,,,0,,,,,
,,,,,0,,,,,
,,,,,0,,,,,
,,,,,0,,,,,
,,,,,0,,,,,
,,,,,0,,,,,
,,,,,0,,,,,
,,,,,0,,,,,
,,,,,0,,,,,
,,,,,0,,,,,
,,,,,0,,,,,
,,,,,0,,,,,
,,,,,0,,,,,
,,,,,0,,,,,
,,,,,0,,,,,
,,,,,0,,,,,
,,,,,0,,,,,
,,,,,0,,,,,
,,,,,0,,,,,
,,,,,0,,,,,
,,,,,0,,,,,
,,,,,0,,,,,
,,,,,0,,,,,
,,,,,0,,,,,
,,,,,0,,,,,
,,,,,0,,,,,
,,,,,0,,,,,
,,,,,0,,,,,
,,,,,0,,,,,
,,,,,0,,,,,
,,,,,0,,,,,
,,,,,0,,,,,
,,,,,0,,,,,
,,,,,0,,,,,
,,,,,0,,,,,
,,,,,0,,,,,
,,,,,0,,,,,
,,,,,0,,,,,
,,,,,0,,,,,
,,,,,0,,,,,
,,,,,0,,,,,
,,,,,0,,,,,
,,,,,0,,,,,
,,,,,0,,,,,
,,,,,0,,,,,
,,,,,0,,,,,
,,,,,0,,,,,
,,,,,0,,,,,
,,,,,0,,,,,
,,,,,0,,,,,
,,,,,0,,,,,
,,,,,0,,,,,
,,,,,0,,,,,
,,,,,0,,,,,
,,,,,0,,,,,
,,,,,0,,,,,
,,,,,0,,,,,
,,,,,0,,,,,
,,,,,0,,,,,
,,,,,0,,,,,
,,,,,0,,,,,
,,,,,0,,,,,
,,,,,0,,,,,
,,,,,0,,,,,
,,,,,0,,,,,
,,,,,0,,,,,
,,,,,0,,,,,
,,,,,0,,,,,
,,,,,0,,,,,
,,,,,0,,,,,
,,,,,0,,,,,
,,,,,0,,,,,
,,,,,0,,,,,
,,,,,0,,,,,
,,,,,0,,,,,
,,,,,0,,,,,
,,,,,0,,,,,
,,,,,0,,,,,
,,,,,0,,,,,
,,,,,0,,,,,
,,,,,0,,,,,
,,,,,0,,,,,
,,,,,0,,,,,
,,,,,0,,,,,
,,,,,0,,,,,
,,,,,0,,,,,
,,,,,0,,,,,
,,,,,0,,,,,
,,,,,0,,,,,
,,,,,0,,,,,
,,,,,0,,,,,
,,,,,0,,,,,
,,,,,0,,,,,
,,,,,0,,,,,
,,,,,0,,,,,
,,,,,0,,,,,
,,,,,0,,,,,
,,,,,0,,,,,
,,,,,0,,,,,
,,,,,0,,,,,
,,,,,0,,,,,
,,,,,0,,,,,
,,,,,0,,,,,
,,,,,0,,,,,
,,,,,0,,,,,
,,,,,0,,,,,
,,,,,0,,,,,
,,,,,0,,,,,
,,,,,0,,,,,
,,,,,0,,,,,
,,,,,0,,,,,
,,,,,0,,,,,
,,,,,0,,,,,
,,,,,0,,,,,
,,,,,0,,,,,
,,,,,0,,,,,
,,,,,0,,,,,
,,,,,0,,,,,
,,,,,0,,,,,
,,,,,0,,,,,
,,,,,0,,,,,
,,,,,0,,,,,
,,,,,0,,,,,
,,,,,0,,,,,
,,,,,0,,,,,
,,,,,0,,,,,
,,,,,0,,,,,
,,,,,0,,,,,
,,,,,0,,,,,
,,,,,0,,,,,
,,,,,0,,,,,
,,,,,0,,,,,
,,,,,0,,,,,
,,,,,0,,,,,
,,,,,0,,,,,
,,,,,0,,,,,
,,,,,0,,,,,
,,,,,0,,,,,
,,,,,0,,,,,
,,,,,0,,,,,
,,,,,0,,,,,
,,,,,0,,,,,
,,,,,0,,,,,
,,,,,0,,,,,