2000575029008,COMMUNICATION BOOK / NOTICES - Please initial once you have read ,Images,Lyn,Emma B,Sayba,Yanna,Lucy,Victoria,Angie,Andy,Alex,Tammy
,,,,,,,,,,,,
25/8/26,"please don't restock bubble wrap on a monday night, stock intake is Tuesday (bubble wrap from delivery restocks the drawer) :)",,,EB,sz,,,,,AH,,
,,,,,,,,,,,,
21/8/26,"Extra Urban Product stock in cabinets C,D,E. Please restock as they get sold",,,EB,sz,,,,al,,,tp
,,,,,,,,,,,,
14/8/26,"if the tees are not sorted and re folded by the end of day, ill rat you out",,,EB   (0 o 0)',sz,,,,al (ó﹏ò｡),AH,,tp
9/8/26,Big Lamps 145$,,,EB,sz,,,,al,AH,,tp
9/8/26,Extra hijinx bag charm in cabinet E (update:all are out on dilay now),,,EB,sz,,,,al,AH,,tp
,,,,,,,,,,,,
7/8/26,Please keep the kids tee/knit jumper cabinet tidy!!!!!!!! ,,,EB,sz,,,,al,AH,,tp
,we now have staff umbrella :P (its in cabinet8 (vacuum )),,,EB,sz,,,,al,,,tp
,,,,,,,,,,,,
7/8/26,The salt n pepper stock is in cabinet O w the music boxes,,,EB,sz,,,,al,AH,,tp
3/8/26,"The vacuum head is not working, cleaned and troubleshot, pls try again",,,EB,,,,,al,AH,,
,,,,,,,,,,,,
28/07/26,The woolies store credit receipt under the til,,,EB,sz,,,,al,AH,,
,,,,,,,,,,,,
,"If you dont price the items during delivery, you will be publicly hung outside state library",,,,,,,,,AH,,tp
,,,,,,,,,,,,
13/7/26,PLEASE DO DAILY JOBS,,,EB,sz,,,,al,AH,,tp
,,,,,,,,,,,,
02/07/26,New POS System Solvantis <3   ,,,EB,sz,,,,al,AH,,
,,,,,,,,,,,,
07/05/26,"if customer come back to return/ exchange cracked mug (batch number 12/25 )of the RGA X Carolyn Gavin collection, please process refund ><! (details in email)  ((((((also staff are welcome to take them home for free!!!)",,,EB,sz,,,,al,AH,,
,,,,,,,,,,,,
,"please do not put the plastic bucket back under the sale rack,  (i put them in cabinet E for now) near card wall",,ls,EB,sz,,,VC  ?,al,AH,,
,,,,,,,,,,,,
10/4/26,door mat from front is near the trolley (back corner right) if it rains and you need it :),,ls,EB,sz,,,vc,al,AH,,
,,,,,,,,,,,,
27/3/26,NEW ZELLER MACHIENE! Yay! Swipe for credit cards is now at the top not the side. off button is on right side.  Opening the latch for reciept removal: see little gap where reciepts come out - pull down from both corners it required some force,,ls,EB,sz,,,vc,al,AH,,
,,,,,,,,,,,,
16.3.26,Kaew would like the highand cow doorstoppeer kept seperate from the soft toys,,ls,EB,sz,,,vc,al,AH,,
,,,,,,,,,,,,
11.3.26,"Botanica diffuser is missing a tube box, and wrong box is left that does not match remaining scents. explain to customer about the scents. we want to try to sell and they wont sell if sitting there without the reeds.",,ls,EB,sz,,,vc,al *i found the missing tube box - awesome well done,AH,,
,,,,,,,,,,,,
23.2.26,reminder from Lance: only one of each clothing design on rack.,,ls,EB,sz,,,vc,al,AH,,
,,,,,,,,,,,,
18/2/26,no heavy things (acrylic bridges) on the wrapping paper pls! :(,,ls,EB,sz,,,,al,AH,,
,,,,,,,,,,,,
14.02.26,"if customer buy 2 or more than brut cake mugs, they can get a free bag (currently in cabinet W)",,ls,EB,sz,,,vc,al,AH,,
,,,,,,,,,,,,
25.01.26,"sale tees, jumper and raincoats stocks are in cabinet H, please keep on restocking / put them out everytime someone has purchased them from the rack ",,ls,EB,sz,,,vc,al,AH,,
,,,,,,,,,,,,
22.1.26,Happy Socks will not be restocked.,,ls,EB,sz,,,vc,al :(,AH,,
,,,,,,,,,,,,
20/01/26,"hey guys, new key card is here  yay!",,ls,EB,sz,,,vc,al,AH,,
,,,,,,,,,,,,
19.1.26,an electrician will come and look at the led lights on front window shelves and side window shelves. he will need to see the transformer.  the front window transformer is in the cabinet on the left. the shelves in the corner only appear to have wires and no transformer. the remaining cabinet on other side of the sock wall has the transformer in the cabinet on the right. the cabinets will need to be cleared out BEFORE he comes and hopefully Mark will let us know which day he is coming.,,,EB,sz,,,vc,al,AH,,
,,,,,,,,,,,,
16/01/26,"Hey guys, Canopy Hummingbird Wall Art is a set of 2 please make sure to sell both",,ls,EB,sz,,,vc,al,AH,,
,,,,,,,,,,,,
13/01/25,"Hi guys, lance is in town this week. please make sure everything is tidy.",,ls,EB,,,,,al,AH,,
,,,,,,,,,,,,
01/01/26,HAPPY NEW YEARRRRR :),,ls,EB,sz,,,vc,al,AH,,
,,,,,,,,,,,,
27/12/25,on stock day please set aside a STRONG BOX 4 XMAS STOCK thankyouuuu! after packing up Christmas things please clearly label when putting back in storage locker.,,ls,EB,sz,,,vc,al,AH,,
,,,,,,,,,,,,
15/12,TOUCHREEN IS OFFF. cuz it was acting up,,ls,EB,sz,,,vc,al,AH,,
,,,,,,,,,,,,
11/12,PLEASE MAKE SURE the customer request item arrived to store before you call the customer !!!,,ls,EB,sz,,,vc,al,AH,,
,,,,,,,,,,,,
8/12/25,New vacuum is here! Make sure to vaccuum at open and close. Thanks,,ls,EB,sz,,,vc,al,AH,,
,,,,,,,,,,,,
07.12.25,Please throw out rubbish at the end of your shift :),,ls,EB,sz,,,vc,al,AH,,
,,,,,,,,,,,,
1/12/25,pls price thing correctly - it makes put-off customers,,,,,,,,al,AH,,
,,,,,,,,,,,,
,,,,,,,,,,,,
," face mugs (BRUT CAKE) form 1 is BLUE , form 2 is RED and  form 3 is GREEN",,ls,EB,sz,,,,al,AH,,
,,,,,,,,,,,,
16.11.25,"heya, a customer name Quong/Quang will be doing an exchange with the mushroom diffuser (he had a problem with his diffuser, it doesn't release much scent), he doesn't have a receipt, since it was a gift bought for him. please just take his diffuser and do the exhange, thanks (kaew knows about this issue)",,ls,EB,sz,,,,al,AH,,
,,,,,,,,,,,,
07.11.25,We are doing free phone case with purchase over $20 sign so how to do : scan the stock in and put 100% discount ,,ls,EB,sz,,,,al,AH,,
,,,,,,,,,,,,
6.11.25,New bloomingville espresso flower mugs and UrbanProducts spare / Bloomingville Mini Spare / Peropon Spare in Cabinet E ,,ls,EB,z,,,,al,AH,,
,,,,,,,,,,,,
02.11.25,"Please price item on the back of the items instead of the front, thanks",,ls,EB,sz,,,,al,,,
,,,,,,,,,,,,
31/10/25,please turn off the music before leave!,,ls,EB,,,,,al,,,
,,,,,sz,,,,,,,
30/10,Xmas pashom and spare bakery plush in Cabinet X,,ls,EB,,,,,al,,,rp
,,,,,sz,,,,,,,
24/10,New face mugs (BRUT CAKE) in Cabinet 10 + their empty boxes (in the container) // Additional Urban products / Robert Gordon / Jones and co etc. In Cabinet E,,ls,EB,sz,,,,al,,,rp
,,,,,,,,,,,,
20/10/25,More Christmas candles and Perdy Parrot Bud Vase in cabinet 6! Please put them out after they’re sold !,,ls,EB,sz,,,,al,,,rp
,,,,,,,,,,,,
13/10/25,if keyboard stops switch usb ports or refresh computer (wasn't working all day) :),,ls,EB,sz,,,,,,,rp
,,,,,,,,,,,,
10/10/25,Please Complete Daily Tasks including all the dusting!!,,ls,EB,sz,,,,,,,rp
,,,,,,,,,,,,
9/10/25,"New MT earring/studs in the Jewellery Case, spares are in the Short Story box in the cashier drawers :)",,ls,EB,sz,,,,,ah,,rp
,,,,,,,,,,,,
7/10/25,There are more of the christmas tree tree decoartions and sitting christmas trees in cupboard 11! Kaew asked that we only put out 3 of each at one time.,,ls,EB,sz,,,,,ah,,rp
,,,,,,,,,,,,
29/9/25,Thanks to the person who made the IZIPIZI collection guide <3,,ls,EB,,,,,,ah,,rp
,,,,,,,,,,,,
17/09/25,extra hair clip in cabinet X,,ls,EB,sz,,,,al,ah,,rp
,,,,,,,,,,,,
16/09/25,Prices have changed for the Eugy 3D paper models and Halcyon Nights items!,,ls,EB,sz,,,,al,ah,,rp
,,,,,,,,,,,,
10/9/25,extra stands and pinboard metal hooks in cupboard g with paper bags. pls dont put heavy stuff ontop of wrapping paper it tears,,ls,EB,,,,,al,ah,,rp
,,,,,,,,,,,,
06.09.25,please rremember to order bubble wrap when there's just a little left',,ls,EB,,,,,al,ah,,rp
,,,,,,,,,,,,
4/9/25,Hey cool cats we have new felt items in the store (Ice creams/baked goods/cupcakes) barcodes start with FP or you can find them searching felt and scrolling to the bottom :),,ls,EB,,,,,al,ah,,rp
,,,,,,,,,,,,
04/09/25,Hey cool cats (2) we have new acrylic hair clips in - they are all $24 - there's a barcode on the top of the screen but incase that goes missing the code is AHC007,,ls,EB,,,,,al,ah,,rp
,,,,,,,,,,,,
01/09/25,People working Sunday nights please remember to add the daily cash takings to the spreadsheet thx,,ls,EB,,,,,al,ah,,rp
,,,,,,,,,,,,
24.08.25,"Hi just completed stock transfer on paper list (everything arrived, marked completed in Cin7, kaew said not to worry about scanning the list but will learn how to asap) -Rel",,ls,EB,sz,,,,al,ah,,
,,,,,,,,,,,,
23.08.25,folks please be careful with Izipizi. Normal size: $79.95 ; Normal size POLARISED: 99.95 ; Bigger size: 99.95 (PLEASE GIVE THE CUSTOMER THE RIGHT BOX) Thanksss,,ls,EB,sz,,,,al,ah,,rp
,,,,,,,,,,,,
23.08.25,"heya, if a customer wants something from the window display, they can do so, but just remember to replace the thing that you took with either the same item or another item that matches or is on theme with its neighbouring items. (ex: mug with mugs; same brand; etc) just remember not to put duplicate items/designs. please don't leave the space empty. Thank youuuu",,Ls,EB,sz,,,,al,ah,,rp
,,,,,,,,,,,,
12.8.25,Strawberry mugs & Capybara mugs are in boxes in cupboard by western window,,ls,EB,sz,,,vc,al,ah,,rp
,,,,,,,,,,,,
03.08.25,We're moving the card stand to near the front door,,ls,EB,sz,,,vc,al,ah,,rp
,,,,,,,,,,,,
02/08/25,Please tag the izipizi glasses on the edges so they balance right . ALSO ALL SECURITY TAGS ON THE SAME WING.-,,ls,EB,sz,,,vc,al,ah,,
,,,,,,,,,,,,
02/08/25,"Please dont keep any items on the counter for sale as such the shopping bags, as customer supposed to keep product there to buy. ITS UPSELLING. WE ASK THE CUSTOMER IF THEY NEED A SHOPPING BAG WHEN THEY ARE MAKING A PURCHASE. SAME WITH GREETING CARDS.",,ls,EB,sz,,,,al,ah,,
,,,,,,,,,,,,
28.7.25,kind reminder to empty the vacuum after every use. this prevents serious blockages. there is a bamboo stick beside rubbish bin to  clear anything stuck inside.,,ls,EB,sz,,,vc,al,ah,,
,,,,,,,,,,,,
26.07.25,"Heya, when it comes to security tag, please don't stick the stickers to the items as it will leave residue and marks (esp books) please stick them to their tags, boxes/plastic packaging. If they do not come with either one of them, then you do not have to tag them. Thanks :)",,ls,EB,sz,,,vc,al,ah,,
,,,,,,,,,,,,
21/7/25,"Gentle reminder, when topping u the till please prioritize getting notes eg  ( $20, $10,$5) over lots of rolls of coins pls. It can mean we end up with a shortage of notes after close and heaps of 20c coins :)USE THE COINS UP INTHE BANKING IF THERE ARE TOO MANY. ",,,EB,,,,,al,ah,,
,,,,,,,,,,,,
15.07.25,Please write in the 'Customer Requests' QV Daily if you have contacted the customer.,,ls,EB,sz,,,vc,al,AH,,
,,,ls,EB,sz,,,vc,al,AH,,
15.7.25,kind reminder to send End of Day screen shot to accounts and to enter cash sales in cash sheet,,,,,,,,,,,
,,,ls,EB,sz,,,vc,al,AH,,
7.7.25,"Kaew is away on holiday for 3 weeks with a 3 hour time difference. still available for help, but use whatsapp so it doesnt cost anything to text her.",,,,,,,,,,,
,,,ls,EB,sz,,,vc,al,AH,,
30/06/25,"Hi guys, MUSIC BOXES are now in cabinet O,P, and S. The cardboard cartons have been moved to A,B n C. Spare hangers are in cabinet 7",,,,,,,,,,,
,,,ls,EB,sz,,,vc,al,AH,,
25/06/2025,"Hello, before selling anything salt and pepper related, double check you have one of each. For example the porcelain swans we have only two salts left (salts have three holes), but 6 peppers left (peppers have 2 holes). Peppers have fewer holes as a general rule of thumb.",,,,,,,,,,,
,,,ls,EB,sz,,,vc,al,AH,,
24/06/25,If anyone’s asking about the Aussie Animals music box – we’ll be restocking in late August!,,ls,EB,sz,,,vc,al,AH,,
,,,,,,,,,,,,
13/0625,Someone please go do the induction for the bin comactor in dock 1 on weekday - this has been done by 2 staff already,,ls,EB,sz,,,vc,al,AH,,
11.6.25,kind reminder: customer requests - enter name and contact details of customer into 'Customer Requests' QV Daily. Notify customer when item comes in :),,,,,,,,,,,
,,,ls,EB,sz,,,vc,al,AH,,
27/05/25,Make sure there's a Smart Pot inside the Wonderful Life planter box before we sell it (also check the ocean magnets sold in the little boxes),,,,,,,,,,,
,,,ls,EB,sz,,,vc,al,AH,,
21/05/25,Please read *NEW TSHIRT BATCH*  email!!!,,,,,,,,,,,
,,,ls,EB,sz,,,vc,YAYYYYY,AH,,
13/05/25,Swan Salt and Pepper Shakers- please make sure to sell them as a set ,,,,,,,,,,,
,,,ls,EB,,,,vc,al,AH,,
9.05.25,Hi guys we have gloves for the bin,,,,,,,,,,,
,,,ls,EB,sz,,,vc,al,AH,,
6/5/25,to the tree earring come with a paper cover. its next to short story star wars jar,,,,,,,,,,,
,,,ls,EB,sz,,,vc,al,AH,,
5/5/25,"New Bin Compactor: New Swipe Card for STAFF TOILET and BIN COMPACTOR .  How to Use BIN: 1. Open Door- Push then Hard PULL (hard to open) 2. Take bin out of cage, pull it out of the platform  3. Dump bag and push bin back in centered 4. Close Door Swipe Card 4. Press and hold lift button until bin is empty 5. Press and hold down button untill bin is at the bottm and steel lever at the backk disappears. DONE (Ask Dock Master for a quick tutorial if youre confused)  ",,,,,,,,,,,
,,,ls,EB,sz,,,vc,al,AH,,
3/5/25,the big magnet stolen. please use the pin security tag and not the loop one UPDATE: we are using the centreway magnet now,,,,,,,,,,,
,,,ls,EB,sz,,,vc,al,AH,,
30/04/25,"there's a customer called Sam who would be swapping Salt and Pepper Set: Australian birds set, i have already put it on the on hold cabinet",,,,,,,,,,,
,,,ls,EB,sz,,,vc,al,,,
22.4.25,Palimals - i have reboxed some of these as customers pick them up and drop them. they are becoming chipped. we dont need to have all of them on display.,,,,,,,,,,,
,,,ls,EB,sz,,,vc,al,,,
15/04/25,The security doors are now working! But the security tagged items need to be 2 Metres away from them as they are very senstive. So no security tags on the bamboozled socks but that stand is fine in front of it.,,,,,,,,,,,
,,,ls,EB       yay!,sz,,,vc,al,,,
11/04/25,"there's a customer request for nanoblock kagaroo and koala(currently being transferred from another store) she said if no kangaroo ,she would be happy to take the Nanoblock Big Kangaroo & Joey instead.(i have already set aside the item on the on hold cabinet) ",,,,,,,,,,,
,,,ls- thanks,EB,sz,,,,done><!!,,,
08/04/25,"The new mop manual/instructions, spare heads, water cup and scent discs are in the cupboard where the bin is! ",,,,,,,,,,,
,,,ls,EB,sz,,,vc,al,,,
06.04.25,"there's a customer called Sam who would be swapping the padywax lighthouse, please check the email and reply them back. i have already set aside the item on the on hold cabinet, thanks",,,,,,,,,,,
,,,if i may suggest to take a photo of them (esp the old lady and the creepy man) so we can easily report them to security,EB,sz,,,vc,al,,,
06.04.25,"hiya, the easter felt (chicks, duck, etc) came with a pouch that i have put on your right (near the tissue box). please give them when customer are purchasing it, there's a barcode there",,,,,,,,,,,
,,,ls,EB,sz,,,vc,al,,,
18.3.25,hi people! there has been more attempted music box theft Please keep an eye on the front of the store and type times and appearance of suspicious activity on sticky note on desktop and tell Kaew/Lance. It's really important to have a paper trail. thankyou,,,,,,,,,,,
,,,ls,EB,sz,,,vc,al,,,
17.3.25,coins and notes must not be damaged as the bank won't accept defaced money. please do not accept any damaged or foreign money from customer,,,,,,,,,,,
,,,ls,EB,sz,,,vc,al,,,
17.3.25,the sim card has been taken out of eftpos machine. zellar tech recommends using it without the sim. the sim cards is in a paper bag in top left drawer.,,,,,,,,,,,
,,,ls,EB,sz,,,vc,al,,,
16/03/24,PLEASE DO NOT put music box or demos outside of the cabinets or display window (music box lady steals them),,,,,,,,,,,
,,,ls,EB,sz,,,vc,al,,,
11.3.25,Fixing pricing gun tutorial: https://www.bing.com/videos/riverview/relatedvideo?&q=pricing+gun+refill&&mid=DBBDED0F89C1A02B8594DBBDED0F89C1A02B8594&&FORM=GVRPTV ,,,,,,,,,,,
,,,ls,EB,sz,,,,,,,
11.3.25,more boxed kangaroo vases are on shelf by planters  underneath,,,,,,,,,,,
,,,ls,EB,sz,,,vc,al,,,
8/3/25,PLEASE ASK FOR ZELLAR ROLLS BEFORE THEY RUN OUT,,,,,,,,,,,
,,,ls,EB,sz,,,vc,al,,,
28/02/25,"Theres one missing box from todays delivery, TRF-818663, when it comes please scan it onto the sheet and sort it",,,,,,,,,,,
,,,ls,EB,sz,,,vc,al,,,
11/2/25,There are a couple of Kangaroos from the salt and pepper sets that have a chip on the ear. Kaew will send some clear nail varnish to put on the chip to stop it chipping further this week!,,,,,,,,,,,
,,,ls,EB,sz,,,vc,al,,,
10.2.25,"QV promotion until 9th March - please read information sheet kept just inside top right drawer, and encourage customers to participate.",,,,,,,,,,,
,,,ls,EB,sz,,,vc,al,,,
8/2/25,mop replacement beside melamine plates ,,,,,,,,,,,
,,,ls,EB,sz,,,vc,al,,,
8.02.25,Extra Happy Socks in Cabinet J with jumpers,,,,,,,,,,,
,,,ls,EB,sz,,,vc,al,,,
3.2.25,There are containers in the kids clothes storage cupbords now! yay! Please maintain the system to keep it organised! Thanks,,,,,,,,,,,
,,,ls,EB,sz,,,vc,al,,,
02/02/25,Please make sure you check if 1 of each design of the clothing is out on the rack - today I found 4 MT tees were not on display.,,,,,,,,,,,
,,,ls,EB,sz,,,vc,al,,,
2.2.25,"We have moved Happy Socks to the wall with the other socks. There isn't enough room, so any socks that had spare, I put under the register to make room. ",,,,,,,,,,,
,,,ls,EB,sz,,,vc,al,ec,,
28.1.25,"if an item is damaged and sold at a discounted price please write that is damaged on the receipt, in case a customer tries to return it and get the full price back",,,,,,,,,,,
,,,ls,EB,sz,,,vc,al,ec,,
28.1.25,large plushies dont need to be taken out of their plastic bag. we just need one on display. the others can be kept clean and underneath the shelf in middle. customers often ask for one that is 'new' ie still in the bag.,,,,,,la,,,,,
,,,ls,EB,sz,,,vc,al,ec,,
26.01.25,izipizi (sunglasses) security tag remover is hooked with the bee keychain with the cash register key,,,,,,la,,,,,
,,,ls,EB,sz,,,vc,al,ec,,
23.01.25,please put phone on to charge at night,,,,,,la,,,,,
,,,ls,EB,sz,,,vc,al,ec,,
18.01.25,"i'm putting the cash register key on the stationary cabinet, it's hooked in with the bee keychain",,,,,,la,,,,,
,,,ls,EB,sz,,,vc,al,ec,,
15/01/25,wooden bridges are in storage,,,,,,la,,,,,
,,,ls,EB,sz,,,vc,al,ec,,
14/01/25,extra orbitkey behind display,,,,,,la,,,,,
,,,ls,EB,sz,,,,al,ec,,
12.01.25,extra izipizi glasses on the mushroom dffuser cabinet. they are security tag and the thing to remove them might still be on centreway,,,,,,la,,,,,
,,,ls,EB,sz,,,vc,al,ec,,
11.01.25,"for mugs with boxes, please just take one of each designs out as a display, we don't need multiple mugs of the same designs out",,,,,,la,,,,,
,,,ls,EB,sz,,,vc,al,ec,,
11.01.25,"unless its half of the wrapping paper, please just chuck them out instead of keeping them. it will make the cabinet less messy",,,,,,la,,,,,
,,,ls,EB,sz,,,vc,al,ec,,
8.1.25,Music box display - if windows come out/ get stuck put top section in slot first. Its easier to force back in at the base of the windows than doing it the other way :),,,,,,la,,,,,
,,,ls,EB,sz,,,vc,al,ec,,
8.1.25,jewellery from CW is under the computer in cabinet!! in paper bag labelled jewellery,,,,,,,,,,,
,,,happy new yearrr,:),sz,,,vc,,ec,,
5/1/25,"Zellar Troubleshooting: Take sim card out, then reboot , and put the sim back in after reboot is complete",,,,,,la,,,,,
,,,ls,EB,sz,,,vc,al,ec,,
03.01.25,A reminder again to write customer's order on both Customer request and Store needs and daily notes tab. The item will not be delivered here to us if it's not written in the store needs and daily notes. Thanks ,,,,,,la,,,,,
,,,WOOOOOOOO     >^<,EB,sz,,,vc,al,ec,,
31.12.24,HAPPY NEW YEAR GUYSSSS <3,,,,,,,,,,,
,,,merrryy christmassss,EB,sz,,,,<3,ec,,
30.12.24,Kapibara boxes are lucky dip so not to be opened,,,,,,la,,,,,
,,,ls,EB,SZ,,,,al,ec,,
28/12/24,"Hey guys, we are leaving centreway so keep all the boxes from delivery to be sent to centreway for packing up",,,,,,la,,,,,
,,,"i don't think we can turn it on rn, as the sound coming out from the box is concerning.",EB,SZ,,,,al,ec,,
25/12/24,MERRY CHRISTMAS,,,,,,la,,,,,
,,,ls,EB,sz,,,,,ec,,
20/12/25,LOTS OF URBAN PRODUCTS CERAMICS IN CUPBOARD S,,,,,,la,,,,,
,,,ls,EB,sz,,la,,al,ec,,
20/12/24,GUYS PLEASE TURN OFF THE SECURITY DOORS BEFORE CLOSING AND TURN THEM BVACK ON AFTER OPEN ,,did they paid with card? you can just give them a refund through zellar if u remember their last 4 digit of their card,theres a full refund and partial refund option on the eftpos if it happens again :),sz,,la,,,ec,,
,,,,,,,la,,,,,
19/12/24,"Hi Team, Please note - this customer has been approved to do a return and refund - but it's only a $75 refund - not a $89.95 refund, as she gained the free postage with us, by buying this online. Raincoat by Julie Martin",,ls,EB,SZ,,,vc,al,ec,,
,,,,,,,la,,,,,
14/12/24,"Stock might not match CIN7 this week, cuz of transfers, no need to worry about it",,ls,EB,sz,,,vc,al,ec,,
6/12/24,"Customer overchared by $30, was supped to be $68,75 and charged $98.75 by accident. The purchse incluced, 1x child unicorn nail stickers, 2 pairs of childers sock and 2 christams ornaments. Please feel free to ask Emma c for reference! ",,,,,,la,,,,,
,,,ls,EB,sz,,,vc,al,ec,,
6/12/24,"PLEASE MAKE SURE TO REQUEST ZELLAR ROLLS OR PRINTER ROLLS WHEN ITS LOW, DO NOT WAIT TILL THE LAST ROLL",,,,,,la,,,,,
,,,ls,EB,sz,,,vc,,ec,,
6/12/24,"Hi, we have new gift bags for XMAS, please scan barcode at the bottom of the monitor ",,,,,,la,,,,,
,,,ls,EB,sz,,,vc,al,ec,,
1.12.24,Hi please make sure youre not deactivating the security tags strips before you put them on - stay clear of the 'sensormatic' deactivator some tags on items aren't functioning,,,,,,la,,,,,
,,,ls,EB,sz,,,vc,,ec,,
01.12.24,"When pricing items and security tag items, if you can please price them near the barcodes, so it will be easier for customer and us to find the price and to detag the security sticker tag",,,,,,la,,,,,
,,,ls,EB,sz,,,vc,al,ec,,
30.11.24,"Hye, we have so many plushies stock that doesn't fit in our usual two cabinets, so i decided to put some in cabinet number 6",,,,,,la,,,,,
,,,ls,EB,sz,,,vc,al,ec,,
25.11.24,Hi everyone! a customer paid for an cherry earring but left it on the table . I placed the bag in the holding area.(customer will come pick up 26/11/24),,,,,,,,,,,
,,,,,,,la,,,,,
24.11.24,"for broken items, send a photo and let kaew knows and ask her what we should do with the broken items. please don't just chuck it in the cabinet without telling her, thanks",,ls,EB,sz,,,vc,al,ec,,
,,,,,,,la,,,,,
,"if you are doing cash change, please make sure not to get a lot of 20 and 10 cents, we don't need much of them. we need $10, $5, $2, $1 and 5 cents more than the others. if we are short on the 5 cents rolls,i suggest getting 3 rolls of them (which equals to $6) and getting either one roll of 20 cents or 10 cents (which equals to $4 = $10). hope this makes sense                        [EDIT* Please leave enough cash for closing! Thanks]",,ls,EB,sz,,,vc,al,ec,,
24.11.24,,,,,,,la,,,,,
,,,ls,EB,sz,,,vc,al,ec,,
23.11.24,"WHEN DOING CUSTOMER REQUEST, MAKE SURE THAT WAREHOUSE HAVE STOCKS, DON'T DO THEM IF THERE'S NO STOCKS (UNLESS THE CUSTOMER KNOWS WE MIGHT NOT BE GETTING THEM/OR WON'T BE GETTING THEM IN A WHILE, LEAVE NOTES ABOUT THIS) PUT THE NAMES ON CUSTOMER REQUEST AND THE ITEMS THEY ORDERED IN  THE 'STORE NEEDS AND DAILY NOTES'",,,,,,la,,,,,
,,,ls,EB,sz,,,vc,al,ec,,
23.11.24,WHEN DOING DELIVERY PLEASE CHECK THE CUSTOMER REQUEST AND CALL THE CUSTOMER THAT THEIR ITEMS HAVE ARRIVED. WE PUT THEM ON HOLD FOR THREE DAYS BEFORE THEY ARE PUT BACK TO THE SHELVES. PLEASE WRITE DOWN DATES THAT YOU CALLED THEM ON THE ITEMS ITSELF AND THE GOOGLE SHEET. DELETE THEM WHEN THE CUSTOMER HAS ALREADY PURCHASED THEM.,,,,,,la,,,,,
,,,ls,EB,sz,,,,al,ec,,
22/11/24,"Hey guys, PLeaseee remember to check you have closed the sales register at the end of day",,ls,EB,sz,,la,,al,ec,,
,,,ls,EB,sz,,,,al,ec,,
20/11/24,"Receipt rolls. If you see we are low on them, please request them in the Store needs tab. We got more from Officeworks and I have put them in cabinet 7",,,,,,la,,,,,
,,,ls,EB,sz,,,,al,ec,,
14/11/24,Could the staff working tomorrow do some cash change? We don't have enough coins :(( Sorry I jut realized it now but the bank is closing,,,,,,la,,,,,
,"The remianing 1 box (for Tuesday's delivery) is not coming, please keep an eye on and update anything new to Kaew ",,ls,EB,sz,,,,al,ec,,
6/11/24,Chirstmas Tree Light - Please make sure you turn on in the morning and off before you leave the store. The switch is under the tree.,,,,,,la,,,,,
,,,i don't get it,EB,sz,,,,al,ec,,
2/11/24,Cabinets have been reorganised. please try to keep them tidy ! ,,ls,EB,sz,,,,al,ec,,
,,,,,,,la,,,,,
1/11/24,"Hi when exchanging notes for change please only change $100 bills for smaller notes. There should be only 2 rolls per type of coin eg. 2 rolls of $2 coins, 2 rolls of 10 cents ect. It is very difficult to close with 20 rolls of change and not enough notes for the next day. Thankyou! :)",,ls,EB,sz,,,,,ec,,
,,,,,,,la,,,,,
1/11/24,hey the scissor with ribbon tied i not ribbons only!!!!! (keep in ribbon drawer),,ls,EB,sz,,,,al,ec,,
1/11/24,"hey, the big christmas tree has a light switch at the bottom please turn them on in the morning and off at night",,,,,,,,,,,
,,,,,,,,,,,,
31.10.24,"heya, the extra stock for the keychains (on the peg board is on cabinet X) just beside the peg board",,,,,,,,,,,
,,,,,,,,,,,,
30/10/24,If you do not want to print the receipt paper automatically please open Cin7 from Microsoft Edge,,,,,,,,,,,
,,,,,,,,,,,,
,,,,,,,la,,,,,
,,,ls,EB,sz,,,,,,,
,,,,,,,,,,,,
,,,,,,,,,,,,
30/10/24,DO NOT PUT THE PRICE STICKER IN THE FRONT like this. It looks very untidy. I have discussed this issue with you guys before.,,,,,,la,,,,,
,,,ls,EB,sz,,,,,,,
,,,,,,,la,,,,,
,,,ls,EB,sz,,,,,,,
30/10/24,"Please make sure you store all the garments in the rigth place. Stock were mixed everywhere in the cabinet. Kids with Adults, Tees with Raincoats and sizes mixed. We can not find anything for the customers.",,,,,,la,,,,,
,,,ls,EB,sz,,,,,,,
30/10/24,"DO NOT tag the books/ notebooks as the customers ca not rip the secuity tag out, if rip the book/notebook will get damage.",,,,,,la,,,,,
,,,ls,EB,sz,,,,,,,
30/10/24,Pricing - MAKE SURE YOU PRICE THE ITEMS!! I have more than 50% of the customers asked for the price. This will slow us down.,,,,,,la,,,,,
,,,ls,EB,sz,,,,,,,
28.10.24,"Heya, short stories earring come with a jar. These jar are near the security stickers and tags.  please make sure to give the right jar (ex: star wars jar for star wars earrings)",,,,,,la,,,,,
,,,ls,EB,sz,,,,,,,
28.10.24,"Hey, please note down whether u have called for customer request and delete them once customer has bought the item.",,ls,EB,sz,yl,la,,,,,
,,,ls,EB,sz,yl,la,vc,,,,
25.10.24,"Hey everyone! I had two customers return broken glass products the past two days. If there is time, please check the products with them, to make sure they are good before they leave the store. ",,ls,EB,sz,yl,la,vc,,,,
23.10.24,hello! I have cleaned up the wrapping paper cupboard (removed all crumpled scraps of paper from sides + back) please keep it tidy :),,ls,EB,sz,,,vc,,,,
3/10/24,"Hi guys, the internet is now connected through an ethernet cable. WIFI ISSUE SOLVED!!!",,,,,yl,la,,,,,
1.10.24,there is a new eftpos login and email now that we have a new eftpos machine ,,ls,EB,sz,,,vc,,,,
26.09.24,"Hello, when bags are running low, please request more in ""Store needs & Daily Notes"" Thanks!",,,,,yl,la,,,,,
,,,ls,EB,"sz,  ",,,vc,,,,
22.09.23,"Hi Everyone, Kaew is going overseas from the 24th September and will be back on 11th October. Feel free to ontact me as I will work as normal except please use WhatsApp if you need to call so you do not get extra charge.",,,,,yl,la,,,,,
,,,ls,EB,sz,,,vc,,,,
20.09.24,"heyaa, just to let you guys know, the men (in container) and women tees (in cardboard boxes) are sorted in sizes. the kids tees, puffer jacket and raincoats are in seperate cabinet, so please don't just chuck everything randomly. you can find which items in which cabinets on the ""cabinet ref"". lets have a clean and organized workspace. thanks",,,,,yl,la,,,,,
,,,ls,EB,sz,,,vc,,,,
19/09/24,"Hi, if the wifi keeps dropping out just connect to Melbourne Free Wifi temporarily, and let Lance know (also you have to reconnect to the free wifi every 15 minutes or so, so keep an eye out)",,,,,yl,la,,,,,
,,,ls,EB,sz,,,vc,,,,
12.09.24,please price items,,,,,yl,la,,,,,
,,,ls,EB,sz,,,vc,,,,
12.09.24," i have arranged the music boxes, mushroom and wooderful life according to their design, please don't just chuck them, thank you",,,,,yl,la,,,,,
,,,LS,EB,sz,yl,,vc,,,,
6.09.24,"Hello, if vacuum is turning off and on when you are trying to use it, this means that the vacuum is full. Empty out of the vacuum and it should be gooooood to goooooo.",,ls,EB,sz,,la,vc,,,,
,,,,,,yl,,,,,,
27.8.24,tiler coming in on friday to measure,,ls,,sz,,la,vc,,,,
23/8/24,"Extra ""Little bird tea set"" x2 are in cupboard X if you are looking for them.  
         Also I have put extra money bags with the pricing equipment",,,,,yl,,,,,,
,,,ls,EB,sz,,,vc,,,,
19.08.24,fire extinguisher and fire blanket to be delivered this week. please leave in store when it arrives. also tiles being grouted soon.,,,,,yl,la,,,,,
,,,ls,EB,sz,yl,la,,,,,
17.08.24,extra orbit key items are behind the stand (inside it),,ls,EB,sz,,,vc,,,,
,,,,,,,,,,,,
16.08.24,Please fix the card spacing on the all tomorrow if you could  some ares are emty and some have to many cards) ! Thanks. Also wanted to update that the parking tickets are beside the computer now!,,,,,,,,,,,
15.08.24,New card spinner stand!!! Only specific brands can go on this stand. I will add the details in the reference file for you.,,,,,,,,,,,
,E.Frances paper,,,,,,,,,,,
,Ohh Deer,,,,,,,,,,,
,Badger & Burke,,,,,,,,,,,
,Cath Kidston,,,,,,,,,,,
,Hello Sunday (Dont think you have them in store yet),,,,,yl,la,,,,,
,Niaski,,ls,EB,sz,,,vc,,,,
,Red Cap,,,,,yl,la,,,,,
,,,ls,EB,sz,yl,la,,,,,
15.08.24,There are a lot of new prducts add on sale. Please make sure you put the sale sticker  on them and group them in one area.,,ls,EB,sz,yl,la,,,,,
,,,ls,EB,sz,yl,la,,,,,
11..08.24,"I mopped and vacummed - myself today, on a Sunday morning. The floor needed it. Again, this is a daily duty...so please ensure you do your job. ",,ls,EB,sz,yl,la,,,,,
11.08.24,"It is mandatory to wear your Monsterthreads staff badge. There aretwo instore and ill send more. This is my warning, if i find someone NOT wearing the staff name badge, unfortunately i will need to take appropriate consequences. Ive seen too many times - staff not wearing them",,Ls,EB,sz,,,,,,,
11.08.24,"I have brought a mirror - so customers can see themselves, if they try on garments. Its situated next to cupbaord J. Thats in between the nanoblock peg wall anf the cermaics. Its in the crack, and folds up nicely.",,,,,yl,la,,,,,
11.08.2024,"Team, Its Lance. A couple of things please. I will tryfix the cash drawer, but in the interim - i have made a ''old fashioned'' cash till which is  Monsterthteads box. All coins are in seperate bags - so keep it orgamised, fr the next week, whilst i fix the till. ",,Ls,EB,sz,,,,,,,
05.08.24,"heya, when doing customer request, please make sure you write the items and its sku on the ""CUSTOMER REQUEST"" (For MT staff to see) and ""STORE NEEDS AND DAILY NOTES"" (for warehouse to see that you need them)",,,,,yl,la,,,,,
,,,Ls,EB,sz,,,,,,,
4.08.24,"Hold items - Please date when the customer wants to come in, if they dont come 2/3 days after that please put the stock back on shelf.",,,,,yl,la,,,,,
,,,Ls,EB,sz,,,,,,,
4.08.24,Please price the products before you put them on shelves. - Customers constantly bring the products to the counter and ask.,,,,,yl,la,,,,,
,,,Ls,EB,sz,,,,,,,
3.08.24,Please group the greet cards by brands so the sizes are the same and it looks neat.,,,,,yl,la,,,,,
,,,Ls,EB,sz,,,,,,,
3.08.24,Broken/ faulty stock  - please email me with photo as i can claim this with the supplier. or i can adjust thtme for you. Do not leabe them in the cabinet. - Kaew,,,,,yl,la,,,,,
,,,Ls,EB,sz,,,,,,,
3.08.24,Just want to remind everyone again - please DO NOT security tags the happy socks. I left the communication here before however I noticed someone still keep tagging them. We should put the Happy socsk stand right near the near door not in the middle inside the store. kaew.,,,,,yl,la,,,,,
,,,Ls,EB,sz,,,,,,,
2.08.24,Make sure you do not put same items on windown display. Noticed there were 4 of the same design of cup & saucer out.,,,,,yl,la,,,,,
,,,Ls,EB,sz,,,,,,,
2.08.24,Just want to remind everyone to check the cabinet. There are quite a lot of stock in there that were not on display. ,,,,,yl,la,,,,,
,,,Ls,EB,sz,,,,,,,
1.08/24,"Hi, please remember to charge he vaccuum head after use, (the battery dies very quickly))",,,,,yl,la,,,,,
,,,security tag as well pls,EB,sz,,,,,,,
29.07.24,"Helloo, if anyone is free can you dust the front shelf display? (music box shelf and robert gordon mugs shelf, thank youu)",,,,,yl,la,,,,,
,,,Ls,EB,sz,,,,,,,
20/07/24,PLEASE make sure to check before pricing items! Mistagged items are not recieved well by customers,,,,,yl,la,,,,,
,,,Ls,EB  this is helpful thx!,sz,,,,,,,
20.07.24,"Heyo, there is 1 glass tumbler from Enchanted Garden. I think the other was stolen, so selling indivually on sale. Please keep in the sale area near the white porcelain koalas. ",,,,,yl,la,,,,,
,,,LS,EB,sz,,,,,,,
16.07.24,"Heya, i made a guide on how to ""count coin rolls"" some of you guys have been counting coins in a different way, and there's no right and wrong way to do so. But i found doing this one is much more easier, hope it helps :)",,,,,yl,la,,,,,
,,,LS,EB,sz,,,,,,,
15.07.24,Please use the large bags just for big plush as warehouse wouldn't be able to send anymore of the large bags anytime soon,,,,,yl,la,,,,,
,,,LS,EB,sz,,,,,,,
10.07.24,"heya, Lance is going to pop by soon, can u please remind him to take the broken stocks with him. they are all together in on hold shelf. (the dog plush, beanie, onesies, tee, rotating projector lamp) ",,,,,yl,la,,,,,
,,,LS,EB,sz,,,,,,,
29.06.24,please don't security tag books unless they have a plastic cover,,,,,yl,la,,,,,
,,,LS,EB,sz,,,,,,,
24.06.24,"when doing customer request, please make sure you check whether we have the items in the warehouse. If there are no more stocks, please do not do customer request as we don't know when or whether the warehouse will be restocking them. If you are unsure about the amount of stocks, please chat with Kaew or the warehouse ""monsterthreads orders"" on hangouts",,,,,,la,,,,,
,,,LS,EB,sz,,,,,,,
20/06/24,"When stock of tee shirts arrive, please leave the shirts in their individual plastic bags, especialy white shirts as they could get dusty/dirty. ",,,,,yl,la,,,,,
,,,LS,EB,sz,,,,,,,
20/06/24,"QV Parking validation tickets I have placed below the register in the drawer that says, MISC ITEMS.",,,,,yl,la,,,,,
,,,LS,EB,sz,,,,,,,
19/06/24,Please date on hold item - put back on shelf after it passes the date.,,,,,yl,la,,,,,
,,,LS,EB,sz,,,,,,,
19/06/24,If you can turn off the speaker from the computer you can just say - Hey Alexa : Stop.,,,,,yl,la,,,,,
,,,LS,EB,sz,,,,,,,
17.06.24,please check prices before tagging. Customers get angry for mistagged goods,,,,,,,,,,,
,,,LS,EB,,,,,,,,
14.06.24,"Hello, i've marked the cabinet alphabetically and add a spreadsheet ""cabinet ref"" to mark what is inside each cabinet. These are work in progress and still can be changed around :)",,,,,yl,la,,,,,
,,,LS,EB,sz,,,,,,,
6/13/24,Quarterly Fire Testing - Scheduled for Saturday 15th of June 2024 8:00-4:00PM,,,,,yl,la,,,,,
,,,LS,EB,sz,,,,,,,
12/6/24,After you read the comunication please inital your name.,,,,,yl,la,,,,,
,,,LS,EB,sz,,,,,,,
12/6/24,DO NOT pin the garment through the seam as the pin will damage the cloth - however some you cant tag between the seam so please tag somewhere that wont damage the garment. Thanks  ,,,,,yl,la,,,,,
,,,LS,EB,sz,,,,,,,
07/06/24,DO NOT put security tags within 1.5m of the security gates. Cant tags the clothing that hang on the cabitnet next to the gate an also all the items on the left of the music box display.,,,,,yl,la,,,,,
,,,weeee finallyy,EB,sz,,,,,,,
7/6/24,Turn on music from Spotify - click the speaker icon on the bottom left then select everywhere,,,,,,,,,,,
,,,,,,,,,,,,
5/6/24,Hello and welcome to the new QV store!!!! - Kaew,,,,,,,,,,,